1,2.0,30.8,0.0,1.0,3.0,1.0,1.0,1.25,1.0,1.0,1.0,1.0,1.0,202.0,0.0
1,1.0,58.7,4.46,1.0,3.0,2.0,2.0,3.04,1.0,1.0,6.0,1.0,1.0,43.0,560.0
1,1.0,24.5,0.5,1.0,3.0,2.0,2.0,1.5,1.0,2.0,0.0,1.0,1.0,280.0,824.0
1,2.0,27.8,1.54,1.0,3.0,1.0,1.0,3.75,1.0,1.0,5.0,2.0,1.0,100.0,3.0
1,2.0,20.2,5.63,1.0,3.0,1.0,1.0,1.71,1.0,2.0,0.0,1.0,3.0,120.0,0.0
1,2.0,32.1,4.0,1.0,3.0,3.0,1.0,2.5,1.0,2.0,0.0,2.0,1.0,360.0,0.0
1,2.0,33.2,1.04,1.0,3.0,4.0,2.0,6.5,1.0,2.0,0.0,2.0,1.0,164.0,31300.0
1,1.0,22.9,11.6,1.0,3.0,5.0,1.0,0.04,1.0,2.0,0.0,1.0,1.0,80.0,1350.0
1,2.0,54.4,0.5,2.0,2.0,6.0,2.0,3.96,1.0,2.0,0.0,1.0,1.0,180.0,314.0
1,2.0,42.5,4.92,2.0,2.0,1.0,1.0,3.17,1.0,2.0,0.0,2.0,1.0,52.0,1440.0
1,2.0,22.1,0.83,1.0,3.0,7.0,2.0,2.17,2.0,2.0,0.0,2.0,1.0,128.0,0.0
1,2.0,29.9,1.83,1.0,3.0,7.0,2.0,4.33,1.0,2.0,0.0,1.0,1.0,260.0,200.0
1,1.0,38.3,6.0,1.0,3.0,6.0,1.0,1.0,1.0,2.0,0.0,2.0,1.0,0.0,0.0
1,2.0,48.1,6.04,1.0,3.0,6.0,1.0,0.04,2.0,2.0,0.0,1.0,1.0,0.0,2690.0
1,1.0,45.8,10.5,1.0,3.0,2.0,1.0,5.0,1.0,1.0,7.0,2.0,1.0,0.0,0.0
1,2.0,36.7,4.42,2.0,2.0,6.0,1.0,0.25,1.0,1.0,10.0,2.0,1.0,320.0,0.0
1,2.0,28.3,0.875,1.0,3.0,3.0,1.0,0.96,1.0,1.0,3.0,2.0,1.0,396.0,0.0
1,1.0,23.3,5.88,1.0,3.0,2.0,1.0,3.17,1.0,1.0,10.0,1.0,1.0,120.0,245.0
1,2.0,21.8,0.25,1.0,3.0,8.0,2.0,0.665,1.0,2.0,0.0,2.0,1.0,0.0,0.0
1,1.0,19.2,8.59,1.0,3.0,5.0,2.0,0.75,1.0,1.0,7.0,1.0,1.0,96.0,0.0
1,2.0,25.0,11.3,1.0,3.0,7.0,1.0,2.5,1.0,1.0,17.0,1.0,1.0,200.0,1210.0
1,2.0,23.3,1.0,1.0,3.0,7.0,1.0,0.835,1.0,2.0,0.0,1.0,3.0,300.0,0.0
1,1.0,47.8,8.0,1.0,3.0,7.0,1.0,7.88,1.0,1.0,6.0,2.0,1.0,0.0,1260.0
1,1.0,27.4,14.5,1.0,3.0,9.0,2.0,3.08,1.0,1.0,1.0,1.0,1.0,120.0,11.0
1,1.0,41.2,6.5,1.0,3.0,2.0,1.0,0.5,1.0,1.0,3.0,2.0,1.0,145.0,0.0
1,1.0,15.8,0.585,1.0,3.0,7.0,2.0,1.5,1.0,1.0,2.0,1.0,1.0,100.0,0.0
1,1.0,47.0,13.0,1.0,3.0,10.0,3.0,5.17,1.0,1.0,9.0,2.0,1.0,0.0,0.0
1,2.0,56.6,18.5,1.0,3.0,8.0,3.0,15.0,1.0,1.0,17.0,2.0,1.0,0.0,0.0
1,2.0,57.4,8.5,1.0,3.0,13.0,2.0,7.0,1.0,1.0,3.0,1.0,1.0,0.0,0.0
1,2.0,42.1,1.04,1.0,3.0,1.0,1.0,5.0,1.0,1.0,6.0,2.0,1.0,500.0,10000.0
1,2.0,29.3,14.8,1.0,3.0,11.0,1.0,5.04,1.0,1.0,5.0,2.0,1.0,168.0,0.0
1,2.0,42.0,9.79,1.0,3.0,9.0,2.0,7.96,1.0,1.0,8.0,1.0,1.0,0.0,0.0
1,2.0,49.5,7.58,1.0,3.0,10.0,3.0,7.58,1.0,1.0,15.0,2.0,1.0,0.0,5000.0
1,1.0,36.8,5.13,1.0,3.0,13.0,1.0,5.0,1.0,2.0,0.0,2.0,1.0,0.0,4000.0
1,1.0,22.6,10.8,1.0,3.0,2.0,1.0,0.415,1.0,1.0,5.0,2.0,1.0,0.0,560.0
1,2.0,27.8,1.5,1.0,3.0,1.0,1.0,2.0,1.0,1.0,11.0,2.0,1.0,434.0,35.0
1,2.0,27.3,1.58,1.0,3.0,5.0,2.0,1.83,1.0,1.0,12.0,2.0,1.0,583.0,713.0
1,1.0,23.0,11.8,1.0,3.0,9.0,2.0,0.5,1.0,1.0,2.0,2.0,1.0,300.0,551.0
1,2.0,27.8,0.585,2.0,2.0,5.0,1.0,0.25,1.0,1.0,2.0,1.0,1.0,260.0,500.0
1,2.0,54.6,9.41,1.0,3.0,12.0,4.0,14.4,1.0,1.0,11.0,2.0,1.0,30.0,300.0
1,2.0,34.2,9.17,1.0,3.0,7.0,1.0,4.5,1.0,1.0,12.0,2.0,1.0,0.0,221.0
1,2.0,28.9,15.0,1.0,3.0,7.0,2.0,5.33,1.0,1.0,11.0,1.0,1.0,0.0,2280.0
1,2.0,29.7,1.42,1.0,3.0,1.0,2.0,0.75,1.0,1.0,1.0,1.0,1.0,240.0,100.0
1,2.0,39.6,13.9,1.0,3.0,1.0,1.0,8.63,1.0,1.0,6.0,2.0,1.0,70.0,0.0
1,2.0,56.4,28.0,2.0,2.0,7.0,1.0,28.5,1.0,1.0,40.0,1.0,1.0,0.0,15.0
1,2.0,54.3,6.75,1.0,3.0,7.0,2.0,2.63,1.0,1.0,11.0,2.0,1.0,0.0,284.0
1,1.0,41.0,2.04,2.0,2.0,2.0,2.0,0.125,1.0,1.0,23.0,2.0,1.0,455.0,1240.0
1,2.0,31.9,4.46,1.0,3.0,5.0,2.0,6.04,1.0,1.0,3.0,1.0,1.0,311.0,300.0
1,2.0,41.5,1.54,1.0,3.0,10.0,3.0,3.5,2.0,2.0,0.0,1.0,1.0,216.0,0.0
1,2.0,23.9,0.665,1.0,3.0,7.0,1.0,0.165,2.0,2.0,0.0,1.0,1.0,100.0,0.0
1,1.0,25.8,0.5,1.0,3.0,7.0,2.0,0.875,1.0,2.0,0.0,2.0,1.0,491.0,0.0
1,2.0,26.0,1.0,1.0,3.0,2.0,1.0,1.75,1.0,2.0,0.0,2.0,1.0,280.0,0.0
1,2.0,37.4,2.04,1.0,3.0,1.0,1.0,0.04,1.0,2.0,0.0,2.0,1.0,400.0,5800.0
1,2.0,34.9,2.5,1.0,3.0,1.0,1.0,0.0,1.0,2.0,0.0,2.0,1.0,239.0,200.0
1,2.0,34.3,3.0,1.0,3.0,5.0,2.0,7.42,1.0,2.0,0.0,2.0,1.0,0.0,0.0
1,2.0,23.3,11.6,2.0,2.0,1.0,1.0,0.835,1.0,2.0,0.0,2.0,1.0,160.0,300.0
1,2.0,23.2,0.0,1.0,3.0,5.0,1.0,0.085,1.0,2.0,0.0,1.0,1.0,0.0,0.0
1,2.0,44.3,0.5,1.0,3.0,10.0,2.0,5.0,1.0,2.0,0.0,2.0,1.0,320.0,0.0
1,2.0,35.2,4.5,1.0,3.0,9.0,2.0,5.75,2.0,2.0,0.0,2.0,3.0,711.0,0.0
1,2.0,43.3,3.0,1.0,3.0,2.0,2.0,6.0,1.0,1.0,11.0,1.0,1.0,80.0,0.0
1,2.0,56.8,12.3,1.0,3.0,3.0,1.0,1.25,1.0,1.0,4.0,2.0,1.0,200.0,0.0
1,2.0,31.7,16.2,1.0,3.0,8.0,1.0,3.0,1.0,1.0,9.0,1.0,1.0,250.0,730.0
1,1.0,23.4,0.79,2.0,2.0,2.0,1.0,1.5,1.0,1.0,2.0,2.0,1.0,80.0,400.0
1,1.0,20.4,0.835,1.0,3.0,2.0,1.0,1.58,1.0,1.0,1.0,1.0,1.0,0.0,0.0
1,2.0,26.7,4.25,1.0,3.0,5.0,1.0,4.29,1.0,1.0,1.0,2.0,1.0,120.0,0.0
1,2.0,34.2,1.54,1.0,3.0,5.0,1.0,1.54,1.0,1.0,1.0,2.0,1.0,520.0,50000.0
1,1.0,36.0,1.0,1.0,3.0,7.0,1.0,2.0,1.0,1.0,11.0,1.0,1.0,0.0,456.0
1,2.0,25.5,0.375,1.0,3.0,3.0,1.0,0.25,1.0,1.0,3.0,1.0,1.0,260.0,15100.0
1,2.0,19.4,6.5,1.0,3.0,1.0,2.0,1.46,1.0,1.0,7.0,1.0,1.0,80.0,2950.0
1,2.0,35.2,25.1,1.0,3.0,9.0,2.0,1.63,1.0,1.0,1.0,2.0,1.0,515.0,500.0
0,2.0,32.3,7.5,1.0,3.0,13.0,3.0,1.58,1.0,2.0,0.0,2.0,3.0,420.0,0.0
0,2.0,34.8,4.0,1.0,3.0,8.0,3.0,12.5,1.0,2.0,0.0,2.0,1.0,0.0,0.0
0,1.0,38.6,5.0,1.0,3.0,5.0,1.0,13.5,1.0,2.0,0.0,2.0,1.0,980.0,0.0
0,2.0,44.3,0.5,1.0,3.0,3.0,1.0,10.8,1.0,2.0,0.0,1.0,3.0,400.0,0.0
0,2.0,44.8,7.0,2.0,2.0,7.0,1.0,1.63,2.0,2.0,0.0,1.0,1.0,160.0,2.0
0,2.0,20.7,5.29,1.0,3.0,2.0,1.0,0.375,1.0,1.0,1.0,1.0,1.0,160.0,0.0
0,2.0,34.1,6.5,1.0,3.0,11.0,1.0,0.125,1.0,2.0,0.0,2.0,1.0,443.0,0.0
0,1.0,19.2,0.585,2.0,2.0,11.0,1.0,0.585,1.0,2.0,0.0,2.0,1.0,160.0,0.0
0,2.0,21.7,1.17,2.0,2.0,6.0,1.0,2.5,1.0,1.0,1.0,1.0,1.0,180.0,20.0
0,2.0,21.5,9.75,1.0,3.0,7.0,1.0,0.25,1.0,2.0,0.0,1.0,1.0,140.0,0.0
0,2.0,49.6,19.0,1.0,3.0,12.0,4.0,0.0,1.0,1.0,1.0,1.0,1.0,94.0,0.0
0,1.0,27.7,1.5,1.0,3.0,3.0,1.0,2.0,1.0,2.0,0.0,1.0,3.0,368.0,0.0
0,2.0,39.8,0.5,1.0,3.0,3.0,1.0,0.25,1.0,2.0,0.0,1.0,3.0,288.0,0.0
0,1.0,0.0,3.5,1.0,3.0,8.0,1.0,3.0,1.0,2.0,0.0,2.0,1.0,300.0,0.0
0,2.0,27.3,0.625,1.0,3.0,11.0,1.0,0.455,1.0,2.0,0.0,2.0,1.0,200.0,0.0
0,2.0,37.2,4.0,1.0,3.0,7.0,3.0,5.0,1.0,2.0,0.0,2.0,3.0,280.0,0.0
0,2.0,0.0,0.375,1.0,3.0,8.0,1.0,0.875,1.0,2.0,0.0,2.0,3.0,928.0,0.0
0,2.0,25.7,2.21,2.0,2.0,11.0,1.0,4.0,1.0,2.0,0.0,1.0,1.0,188.0,0.0
0,2.0,34.0,4.5,1.0,3.0,11.0,1.0,1.0,1.0,2.0,0.0,2.0,1.0,240.0,0.0
0,1.0,49.0,1.5,1.0,3.0,14.0,5.0,0.0,1.0,2.0,0.0,2.0,1.0,100.0,27.0
0,2.0,62.5,12.8,2.0,2.0,7.0,2.0,5.0,1.0,2.0,0.0,1.0,1.0,112.0,0.0
0,2.0,31.4,15.5,1.0,3.0,7.0,1.0,0.5,1.0,2.0,0.0,1.0,1.0,120.0,0.0
0,2.0,0.0,5.0,2.0,2.0,11.0,1.0,8.5,1.0,2.0,0.0,1.0,1.0,0.0,0.0
0,2.0,52.3,1.38,2.0,2.0,7.0,2.0,9.46,1.0,2.0,0.0,2.0,1.0,200.0,100.0
0,2.0,28.8,1.5,2.0,2.0,7.0,1.0,1.5,1.0,2.0,0.0,2.0,1.0,0.0,225.0
0,1.0,28.6,3.54,1.0,3.0,10.0,3.0,0.5,1.0,2.0,0.0,2.0,1.0,171.0,0.0
0,2.0,23.0,0.625,2.0,2.0,11.0,1.0,0.125,1.0,2.0,0.0,1.0,1.0,180.0,1.0
0,2.0,0.0,0.5,1.0,3.0,7.0,3.0,0.835,1.0,2.0,0.0,2.0,3.0,320.0,0.0
0,1.0,22.5,11.0,2.0,2.0,2.0,1.0,3.0,1.0,2.0,0.0,2.0,1.0,268.0,0.0
0,1.0,28.5,1.0,1.0,3.0,2.0,1.0,1.0,1.0,1.0,2.0,2.0,1.0,167.0,500.0
0,2.0,37.5,1.75,2.0,2.0,7.0,3.0,0.25,1.0,2.0,0.0,2.0,1.0,164.0,400.0
0,2.0,35.3,16.5,2.0,2.0,7.0,1.0,4.0,1.0,2.0,0.0,1.0,1.0,80.0,0.0
0,2.0,18.7,5.0,1.0,3.0,2.0,1.0,0.375,1.0,1.0,2.0,1.0,1.0,0.0,38.0
0,2.0,25.0,12.0,1.0,3.0,6.0,1.0,2.25,1.0,1.0,2.0,2.0,1.0,120.0,5.0
0,2.0,27.8,4.0,2.0,2.0,10.0,2.0,5.75,1.0,1.0,2.0,2.0,1.0,75.0,0.0
0,2.0,54.8,15.5,1.0,3.0,13.0,6.0,0.0,1.0,1.0,20.0,1.0,1.0,152.0,130.0
0,2.0,28.8,1.17,1.0,3.0,6.0,1.0,0.5,1.0,2.0,0.0,1.0,3.0,280.0,0.0
0,1.0,25.0,11.0,2.0,2.0,11.0,1.0,4.5,1.0,2.0,0.0,1.0,1.0,120.0,0.0
0,2.0,40.9,2.25,2.0,2.0,9.0,2.0,10.0,1.0,2.0,0.0,2.0,1.0,176.0,0.0
0,1.0,19.8,0.75,1.0,3.0,7.0,1.0,0.795,1.0,1.0,5.0,2.0,1.0,140.0,5.0
0,2.0,29.2,3.5,1.0,3.0,1.0,1.0,3.5,1.0,1.0,3.0,2.0,1.0,329.0,0.0
0,1.0,24.5,1.04,2.0,2.0,12.0,4.0,0.5,1.0,1.0,3.0,1.0,1.0,180.0,147.0
0,2.0,24.6,12.5,1.0,3.0,1.0,1.0,0.875,1.0,2.0,0.0,2.0,1.0,260.0,0.0
0,1.0,33.8,0.75,1.0,3.0,6.0,3.0,1.0,1.0,1.0,3.0,2.0,1.0,212.0,0.0
0,2.0,20.7,1.25,2.0,2.0,7.0,2.0,1.38,1.0,1.0,3.0,2.0,1.0,140.0,210.0
0,1.0,25.4,1.13,1.0,3.0,2.0,1.0,1.29,1.0,1.0,2.0,1.0,1.0,200.0,0.0
0,2.0,37.8,7.0,1.0,3.0,2.0,2.0,11.5,1.0,1.0,7.0,2.0,1.0,300.0,5.0
1,2.0,52.5,6.5,1.0,3.0,6.0,1.0,6.29,1.0,1.0,15.0,1.0,1.0,0.0,11200.0
1,2.0,57.8,7.04,1.0,3.0,3.0,1.0,14.0,1.0,1.0,6.0,2.0,1.0,360.0,1330.0
1,1.0,20.8,10.3,1.0,3.0,5.0,2.0,0.335,1.0,1.0,1.0,2.0,1.0,80.0,50.0
1,2.0,39.9,6.21,1.0,3.0,2.0,1.0,0.04,1.0,1.0,1.0,1.0,1.0,200.0,300.0
1,2.0,25.7,12.5,1.0,3.0,5.0,1.0,1.21,1.0,1.0,67.0,2.0,1.0,140.0,258.0
1,1.0,24.8,12.5,1.0,3.0,11.0,1.0,1.5,1.0,1.0,12.0,2.0,1.0,120.0,567.0
1,1.0,44.2,6.67,1.0,3.0,2.0,1.0,7.38,1.0,1.0,3.0,2.0,1.0,0.0,0.0
1,1.0,23.5,9.0,1.0,3.0,2.0,1.0,8.5,1.0,1.0,5.0,2.0,1.0,120.0,0.0
1,2.0,34.9,5.0,1.0,3.0,9.0,2.0,7.5,1.0,1.0,6.0,2.0,1.0,0.0,1000.0
1,2.0,47.7,2.5,1.0,3.0,3.0,3.0,2.5,1.0,1.0,12.0,2.0,1.0,410.0,2510.0
1,2.0,22.8,11.0,1.0,3.0,2.0,1.0,2.5,1.0,1.0,7.0,2.0,1.0,100.0,809.0
1,2.0,34.4,4.25,1.0,3.0,10.0,3.0,3.25,1.0,1.0,2.0,1.0,1.0,274.0,610.0
1,1.0,28.4,3.5,1.0,3.0,1.0,1.0,0.835,1.0,2.0,0.0,1.0,3.0,280.0,0.0
1,2.0,67.8,5.5,1.0,3.0,13.0,6.0,13.0,1.0,1.0,1.0,2.0,1.0,0.0,0.0
1,2.0,20.4,1.83,1.0,3.0,7.0,1.0,2.25,1.0,1.0,1.0,1.0,1.0,100.0,150.0
1,1.0,47.4,8.0,1.0,3.0,13.0,3.0,6.5,1.0,1.0,6.0,1.0,1.0,375.0,51100.0
1,2.0,36.3,5.0,1.0,3.0,7.0,3.0,2.5,1.0,1.0,6.0,1.0,1.0,0.0,367.0
1,2.0,32.7,5.5,1.0,3.0,2.0,2.0,5.5,1.0,1.0,12.0,2.0,1.0,408.0,1000.0
1,2.0,48.6,6.5,1.0,3.0,2.0,2.0,6.0,1.0,2.0,0.0,2.0,1.0,350.0,0.0
1,2.0,39.9,0.54,2.0,2.0,11.0,1.0,0.5,1.0,1.0,3.0,1.0,1.0,200.0,1000.0
1,2.0,33.6,2.75,1.0,3.0,3.0,1.0,4.25,1.0,1.0,6.0,1.0,1.0,204.0,0.0
1,1.0,18.8,9.5,1.0,3.0,1.0,1.0,1.63,1.0,1.0,6.0,2.0,1.0,40.0,600.0
1,1.0,26.9,13.5,1.0,3.0,2.0,2.0,5.0,1.0,1.0,2.0,1.0,1.0,0.0,5000.0
1,1.0,31.3,3.75,1.0,3.0,5.0,2.0,0.625,1.0,1.0,9.0,2.0,1.0,181.0,0.0
1,1.0,56.5,16.0,1.0,3.0,14.0,4.0,0.0,1.0,1.0,15.0,1.0,1.0,0.0,247.0
1,2.0,43.0,0.29,2.0,2.0,5.0,2.0,1.75,1.0,1.0,8.0,1.0,1.0,100.0,375.0
1,2.0,22.3,11.0,1.0,3.0,1.0,1.0,2.0,1.0,1.0,1.0,1.0,1.0,80.0,278.0
1,2.0,27.3,1.67,1.0,3.0,5.0,2.0,5.08,1.0,1.0,9.0,1.0,1.0,399.0,827.0
1,2.0,32.8,2.5,1.0,3.0,5.0,2.0,2.75,1.0,1.0,6.0,1.0,1.0,160.0,2070.0
1,2.0,23.3,1.5,1.0,3.0,2.0,1.0,2.38,1.0,1.0,3.0,2.0,1.0,0.0,582.0
1,1.0,40.3,7.54,2.0,2.0,2.0,2.0,8.0,1.0,1.0,14.0,1.0,1.0,0.0,2300.0
1,1.0,30.5,6.5,1.0,3.0,7.0,3.0,4.0,1.0,1.0,7.0,2.0,1.0,0.0,3070.0
1,1.0,52.8,15.0,1.0,3.0,7.0,1.0,5.5,1.0,1.0,14.0,1.0,1.0,0.0,2200.0
1,1.0,46.7,0.46,1.0,3.0,5.0,2.0,0.415,1.0,1.0,11.0,2.0,1.0,440.0,6.0
1,1.0,58.3,10.0,1.0,3.0,2.0,1.0,4.0,1.0,1.0,14.0,1.0,1.0,0.0,1600.0
1,2.0,37.3,6.5,1.0,3.0,3.0,2.0,4.25,1.0,1.0,12.0,2.0,1.0,93.0,0.0
1,2.0,23.1,2.5,1.0,3.0,7.0,1.0,1.08,1.0,1.0,11.0,2.0,1.0,60.0,2180.0
1,2.0,32.8,1.5,1.0,3.0,5.0,2.0,5.5,1.0,1.0,3.0,2.0,1.0,0.0,0.0
1,1.0,21.7,11.5,2.0,2.0,14.0,5.0,0.0,1.0,1.0,11.0,2.0,1.0,0.0,0.0
1,1.0,28.5,3.04,2.0,2.0,9.0,2.0,2.54,1.0,1.0,1.0,1.0,1.0,70.0,0.0
1,1.0,68.7,15.0,1.0,3.0,13.0,6.0,0.0,1.0,1.0,14.0,1.0,1.0,0.0,3380.0
1,2.0,28.0,2.0,1.0,3.0,6.0,2.0,4.17,1.0,1.0,2.0,2.0,1.0,181.0,0.0
1,2.0,34.1,0.08,2.0,2.0,3.0,3.0,0.04,1.0,1.0,1.0,2.0,1.0,280.0,2000.0
1,2.0,27.7,2.0,1.0,3.0,9.0,2.0,1.0,1.0,1.0,4.0,1.0,1.0,140.0,7540.0
1,2.0,44.0,2.0,1.0,3.0,3.0,1.0,1.75,1.0,1.0,2.0,2.0,1.0,0.0,15.0
1,2.0,25.1,1.71,1.0,3.0,9.0,1.0,1.67,1.0,1.0,1.0,2.0,1.0,395.0,20.0
1,2.0,32.0,1.75,2.0,2.0,13.0,2.0,0.04,1.0,2.0,0.0,2.0,1.0,393.0,0.0
1,1.0,60.6,16.5,1.0,3.0,2.0,1.0,11.0,1.0,2.0,0.0,2.0,1.0,21.0,10600.0
1,1.0,40.8,10.0,1.0,3.0,2.0,2.0,1.75,1.0,2.0,0.0,1.0,1.0,29.0,837.0
1,2.0,19.3,9.5,1.0,3.0,2.0,1.0,1.0,1.0,2.0,0.0,2.0,1.0,60.0,400.0
1,1.0,32.3,0.54,1.0,3.0,5.0,1.0,0.04,1.0,2.0,0.0,1.0,1.0,440.0,11200.0
1,2.0,36.7,3.25,1.0,3.0,2.0,2.0,9.0,1.0,2.0,0.0,2.0,1.0,102.0,639.0
1,2.0,37.5,1.13,2.0,2.0,8.0,1.0,1.5,2.0,2.0,0.0,2.0,1.0,431.0,0.0
1,1.0,25.1,2.54,2.0,2.0,11.0,1.0,0.25,1.0,2.0,0.0,2.0,1.0,370.0,0.0
1,2.0,41.3,0.0,1.0,3.0,7.0,3.0,15.0,1.0,2.0,0.0,1.0,1.0,0.0,0.0
1,2.0,56.0,12.5,1.0,3.0,6.0,2.0,8.0,1.0,2.0,0.0,2.0,1.0,24.0,2030.0
1,1.0,49.8,13.6,1.0,3.0,6.0,2.0,8.5,1.0,2.0,0.0,2.0,1.0,0.0,0.0
1,2.0,22.7,10.5,1.0,3.0,2.0,2.0,1.33,1.0,2.0,0.0,1.0,1.0,100.0,0.0
1,2.0,27.0,1.5,2.0,2.0,1.0,1.0,0.375,1.0,2.0,0.0,2.0,1.0,260.0,1070.0
1,2.0,25.0,12.5,1.0,3.0,11.0,1.0,3.0,1.0,2.0,0.0,2.0,3.0,20.0,0.0
1,1.0,26.1,8.66,1.0,3.0,11.0,1.0,1.42,1.0,2.0,0.0,1.0,1.0,160.0,150.0
1,1.0,18.4,9.25,1.0,3.0,2.0,1.0,1.21,1.0,1.0,4.0,1.0,1.0,60.0,540.0
1,2.0,20.2,8.17,1.0,3.0,11.0,1.0,1.96,1.0,1.0,14.0,1.0,1.0,60.0,158.0
1,2.0,47.7,0.29,1.0,3.0,7.0,3.0,15.0,1.0,1.0,20.0,1.0,1.0,0.0,15000.0
1,1.0,21.3,2.33,1.0,3.0,10.0,3.0,0.5,1.0,1.0,4.0,1.0,3.0,80.0,0.0
1,1.0,20.7,3.0,1.0,3.0,2.0,1.0,0.165,1.0,1.0,3.0,1.0,1.0,100.0,6.0
1,1.0,57.1,19.5,1.0,3.0,7.0,1.0,5.5,1.0,1.0,7.0,1.0,1.0,0.0,3000.0
1,1.0,22.4,5.67,1.0,3.0,2.0,1.0,2.58,1.0,1.0,7.0,1.0,1.0,129.0,3260.0
1,2.0,48.8,8.5,1.0,3.0,7.0,2.0,12.5,1.0,1.0,9.0,1.0,1.0,181.0,1660.0
1,2.0,40.0,6.5,1.0,3.0,11.0,3.0,3.5,1.0,1.0,1.0,1.0,1.0,0.0,500.0
1,2.0,40.6,5.0,1.0,3.0,7.0,1.0,5.0,1.0,1.0,7.0,1.0,1.0,0.0,3070.0
1,1.0,28.7,1.04,1.0,3.0,7.0,1.0,2.5,1.0,1.0,5.0,2.0,1.0,300.0,1430.0
1,1.0,33.1,4.63,1.0,3.0,2.0,2.0,1.63,1.0,1.0,2.0,1.0,1.0,0.0,0.0
1,2.0,21.3,10.5,1.0,3.0,7.0,1.0,3.0,1.0,2.0,0.0,2.0,1.0,0.0,0.0
1,2.0,42.0,0.205,1.0,3.0,10.0,2.0,5.13,1.0,2.0,0.0,1.0,1.0,400.0,0.0
1,2.0,41.8,0.96,1.0,3.0,9.0,1.0,2.5,1.0,2.0,0.0,1.0,1.0,510.0,600.0
1,2.0,22.7,1.58,2.0,2.0,1.0,1.0,3.08,1.0,1.0,6.0,1.0,1.0,80.0,0.0
1,2.0,34.5,4.04,2.0,2.0,10.0,3.0,8.5,1.0,1.0,7.0,2.0,1.0,195.0,0.0
1,2.0,28.3,5.04,2.0,2.0,7.0,3.0,1.5,1.0,1.0,8.0,2.0,1.0,144.0,7.0
1,2.0,33.2,3.17,2.0,2.0,9.0,1.0,3.17,1.0,1.0,3.0,2.0,1.0,380.0,0.0
1,2.0,48.2,7.63,1.0,3.0,1.0,2.0,15.5,1.0,1.0,12.0,1.0,1.0,0.0,790.0
1,2.0,27.6,2.04,2.0,2.0,11.0,1.0,2.0,1.0,1.0,3.0,2.0,1.0,370.0,560.0
1,2.0,22.6,10.0,1.0,3.0,9.0,1.0,0.04,1.0,1.0,9.0,1.0,1.0,60.0,396.0
1,1.0,24.1,0.5,1.0,3.0,2.0,2.0,1.25,1.0,1.0,1.0,1.0,1.0,0.0,678.0
1,1.0,41.3,1.0,1.0,3.0,10.0,3.0,2.25,1.0,2.0,0.0,2.0,1.0,0.0,300.0
1,2.0,24.8,2.75,1.0,3.0,7.0,1.0,2.25,1.0,1.0,6.0,1.0,1.0,0.0,600.0
1,1.0,20.8,10.3,1.0,3.0,2.0,1.0,0.71,1.0,1.0,2.0,2.0,1.0,49.0,0.0
1,2.0,36.3,2.13,2.0,2.0,1.0,1.0,0.085,1.0,1.0,1.0,1.0,1.0,50.0,1190.0
1,1.0,35.4,12.0,1.0,3.0,2.0,2.0,14.0,1.0,1.0,8.0,1.0,1.0,0.0,6590.0
1,1.0,71.6,0.0,0.0,0.0,0.0,0.0,0.0,2.0,2.0,0.0,1.0,2.0,0.0,0.0
1,2.0,28.7,9.34,1.0,3.0,2.0,2.0,5.67,1.0,1.0,6.0,1.0,1.0,381.0,168.0
1,2.0,35.2,2.5,1.0,3.0,6.0,1.0,4.5,1.0,1.0,7.0,1.0,1.0,150.0,1270.0
1,2.0,39.5,4.25,1.0,3.0,7.0,3.0,6.5,1.0,1.0,16.0,1.0,1.0,117.0,1210.0
1,2.0,39.3,5.88,1.0,3.0,5.0,2.0,10.0,1.0,1.0,14.0,2.0,1.0,399.0,0.0
1,2.0,24.3,6.63,2.0,2.0,8.0,1.0,5.5,1.0,2.0,0.0,2.0,3.0,100.0,0.0
1,2.0,60.1,14.5,1.0,3.0,12.0,4.0,18.0,1.0,1.0,15.0,2.0,1.0,0.0,1000.0
1,2.0,23.1,11.5,1.0,3.0,10.0,1.0,3.5,1.0,1.0,9.0,1.0,1.0,56.0,742.0
1,2.0,26.7,2.71,2.0,2.0,5.0,1.0,5.25,1.0,1.0,1.0,1.0,1.0,211.0,0.0
1,2.0,48.2,3.5,1.0,3.0,11.0,1.0,3.5,1.0,2.0,0.0,1.0,3.0,230.0,0.0
1,2.0,41.2,4.04,1.0,3.0,5.0,2.0,7.0,1.0,1.0,8.0,1.0,1.0,320.0,0.0
1,2.0,55.9,11.5,1.0,3.0,12.0,4.0,5.0,1.0,1.0,5.0,1.0,1.0,0.0,8850.0
1,2.0,53.9,9.63,1.0,3.0,13.0,1.0,8.66,1.0,1.0,5.0,1.0,1.0,0.0,0.0
1,1.0,18.9,9.25,2.0,2.0,7.0,1.0,1.0,1.0,1.0,4.0,2.0,1.0,80.0,500.0
1,1.0,50.1,12.5,1.0,3.0,11.0,1.0,2.29,1.0,1.0,3.0,2.0,1.0,156.0,0.0
1,2.0,65.4,11.0,1.0,3.0,13.0,6.0,20.0,1.0,1.0,7.0,2.0,1.0,22.0,0.0
1,1.0,17.6,9.0,1.0,3.0,11.0,1.0,1.38,1.0,2.0,0.0,2.0,1.0,0.0,0.0
1,1.0,18.8,9.54,1.0,3.0,11.0,1.0,0.085,1.0,2.0,0.0,1.0,1.0,100.0,0.0
1,1.0,37.8,5.5,1.0,3.0,2.0,1.0,0.125,1.0,2.0,0.0,2.0,1.0,228.0,0.0
1,2.0,23.3,4.0,1.0,3.0,7.0,3.0,0.25,1.0,2.0,0.0,2.0,1.0,160.0,0.0
1,2.0,18.1,5.5,1.0,3.0,6.0,1.0,0.5,1.0,2.0,0.0,1.0,1.0,80.0,0.0
1,1.0,22.5,8.46,2.0,2.0,9.0,1.0,2.46,2.0,2.0,0.0,1.0,1.0,164.0,0.0
1,2.0,19.7,0.375,1.0,3.0,2.0,1.0,2.0,1.0,1.0,2.0,2.0,1.0,80.0,0.0
1,2.0,22.1,11.0,1.0,3.0,5.0,1.0,0.665,1.0,2.0,0.0,1.0,1.0,100.0,0.0
1,2.0,25.2,3.5,1.0,3.0,5.0,1.0,0.625,1.0,1.0,7.0,1.0,1.0,0.0,7060.0
1,1.0,47.4,3.0,1.0,3.0,9.0,1.0,13.9,1.0,1.0,2.0,2.0,1.0,519.0,1700.0
1,2.0,33.5,1.75,1.0,3.0,9.0,2.0,4.5,1.0,1.0,4.0,2.0,1.0,253.0,857.0
1,2.0,27.7,13.8,1.0,3.0,1.0,1.0,5.75,1.0,2.0,0.0,2.0,1.0,487.0,500.0
1,1.0,58.4,21.0,1.0,3.0,10.0,3.0,10.0,1.0,1.0,13.0,1.0,1.0,0.0,6700.0
1,1.0,20.7,1.83,1.0,3.0,2.0,1.0,2.08,1.0,1.0,5.0,1.0,1.0,220.0,2500.0
1,2.0,26.2,0.25,1.0,3.0,10.0,3.0,0.0,1.0,2.0,0.0,2.0,1.0,0.0,0.0
1,2.0,21.3,7.5,1.0,3.0,11.0,1.0,1.42,1.0,1.0,1.0,1.0,1.0,80.0,9800.0
1,2.0,42.8,4.63,1.0,3.0,2.0,1.0,4.58,1.0,2.0,0.0,1.0,3.0,0.0,0.0
1,2.0,38.2,10.1,1.0,3.0,9.0,1.0,2.5,1.0,1.0,6.0,1.0,1.0,520.0,196.0
1,2.0,20.5,10.0,2.0,2.0,7.0,1.0,2.5,1.0,2.0,0.0,1.0,3.0,40.0,0.0
1,2.0,48.3,25.1,1.0,3.0,1.0,1.0,1.75,1.0,1.0,3.0,1.0,1.0,120.0,14.0
1,2.0,28.3,5.0,1.0,3.0,1.0,1.0,11.0,1.0,2.0,0.0,2.0,1.0,70.0,0.0
1,1.0,18.8,7.5,1.0,3.0,2.0,1.0,2.71,1.0,1.0,5.0,1.0,1.0,0.0,26700.0
1,2.0,18.5,2.0,1.0,3.0,10.0,1.0,1.5,1.0,1.0,2.0,1.0,1.0,120.0,300.0
1,2.0,33.2,3.04,2.0,2.0,7.0,2.0,2.04,1.0,1.0,1.0,2.0,1.0,180.0,18000.0
1,2.0,45.0,8.5,1.0,3.0,5.0,2.0,14.0,1.0,1.0,1.0,2.0,1.0,88.0,2000.0
1,1.0,19.7,0.21,1.0,3.0,2.0,2.0,0.29,1.0,1.0,11.0,1.0,1.0,80.0,99.0
1,0.0,24.5,12.8,1.0,3.0,7.0,3.0,4.75,1.0,1.0,2.0,1.0,1.0,73.0,444.0
1,2.0,21.8,11.0,1.0,3.0,9.0,1.0,0.29,1.0,1.0,6.0,1.0,1.0,121.0,0.0
1,2.0,40.3,21.5,1.0,3.0,13.0,6.0,20.0,1.0,1.0,11.0,1.0,1.0,0.0,1200.0
1,2.0,41.4,5.0,1.0,3.0,2.0,2.0,5.0,1.0,1.0,6.0,2.0,1.0,470.0,0.0
1,1.0,17.8,11.0,1.0,3.0,9.0,2.0,1.0,1.0,1.0,11.0,1.0,1.0,0.0,3000.0
1,2.0,23.2,11.1,1.0,3.0,9.0,2.0,0.46,1.0,1.0,1.0,1.0,1.0,100.0,0.0
0,2.0,0.0,0.625,1.0,3.0,6.0,1.0,0.25,2.0,2.0,0.0,1.0,1.0,380.0,2010.0
0,2.0,18.2,10.3,1.0,3.0,7.0,2.0,1.08,2.0,2.0,0.0,1.0,1.0,320.0,13.0
0,2.0,20.0,11.0,1.0,3.0,7.0,1.0,2.0,2.0,2.0,0.0,2.0,1.0,136.0,0.0
0,2.0,20.0,0.0,1.0,3.0,8.0,1.0,0.5,2.0,2.0,0.0,1.0,1.0,144.0,0.0
0,1.0,20.8,9.54,1.0,3.0,10.0,1.0,0.04,2.0,2.0,0.0,1.0,1.0,200.0,1000.0
0,1.0,24.5,1.75,2.0,2.0,7.0,1.0,0.165,2.0,2.0,0.0,1.0,1.0,132.0,0.0
0,2.0,32.8,2.33,1.0,3.0,8.0,2.0,5.75,2.0,2.0,0.0,2.0,1.0,292.0,0.0
0,1.0,52.2,0.0,2.0,2.0,12.0,4.0,0.0,2.0,2.0,0.0,1.0,1.0,0.0,0.0
0,1.0,48.2,1.33,1.0,3.0,10.0,9.0,0.335,2.0,2.0,0.0,1.0,1.0,0.0,120.0
0,1.0,20.4,10.5,2.0,2.0,9.0,2.0,0.0,2.0,2.0,0.0,2.0,1.0,154.0,32.0
0,2.0,50.8,0.585,1.0,3.0,12.0,4.0,0.0,2.0,2.0,0.0,1.0,1.0,145.0,0.0
0,2.0,17.1,0.085,2.0,2.0,7.0,1.0,0.04,2.0,2.0,0.0,1.0,1.0,140.0,722.0
0,2.0,18.3,1.21,2.0,2.0,13.0,7.0,0.0,2.0,2.0,0.0,1.0,1.0,100.0,0.0
0,1.0,32.0,6.0,1.0,3.0,8.0,1.0,1.25,2.0,2.0,0.0,1.0,1.0,272.0,0.0
1,2.0,59.7,1.54,1.0,3.0,2.0,1.0,0.125,1.0,2.0,0.0,2.0,1.0,260.0,0.0
1,2.0,18.0,0.165,1.0,3.0,2.0,8.0,0.21,2.0,2.0,0.0,1.0,1.0,200.0,40.0
1,2.0,37.6,0.0,0.0,0.0,0.0,0.0,0.0,2.0,2.0,0.0,1.0,2.0,0.0,0.0
0,2.0,32.3,2.5,1.0,3.0,7.0,1.0,1.25,2.0,2.0,0.0,2.0,1.0,280.0,0.0
0,2.0,18.1,6.75,2.0,2.0,3.0,1.0,0.04,2.0,2.0,0.0,1.0,1.0,140.0,0.0
0,2.0,38.3,10.1,2.0,2.0,6.0,1.0,0.125,2.0,2.0,0.0,1.0,1.0,160.0,0.0
0,2.0,30.7,2.5,1.0,3.0,5.0,2.0,2.25,2.0,2.0,0.0,2.0,3.0,340.0,0.0
0,2.0,18.6,5.71,1.0,3.0,8.0,1.0,0.54,2.0,2.0,0.0,1.0,1.0,120.0,0.0
0,1.0,19.2,5.42,1.0,3.0,10.0,2.0,0.29,2.0,2.0,0.0,1.0,1.0,80.0,484.0
0,1.0,18.2,10.0,2.0,2.0,2.0,2.0,0.165,2.0,2.0,0.0,1.0,1.0,340.0,0.0
0,2.0,24.6,13.5,2.0,2.0,12.0,4.0,0.0,2.0,2.0,0.0,1.0,1.0,0.0,0.0
0,2.0,16.3,0.835,1.0,3.0,3.0,1.0,0.085,1.0,2.0,0.0,1.0,3.0,200.0,0.0
0,2.0,21.2,0.875,2.0,2.0,7.0,2.0,0.25,2.0,2.0,0.0,1.0,1.0,280.0,204.0
0,2.0,23.9,0.585,2.0,2.0,5.0,2.0,0.125,2.0,2.0,0.0,1.0,1.0,240.0,1.0
0,2.0,17.7,4.46,1.0,3.0,7.0,1.0,0.25,2.0,2.0,0.0,1.0,3.0,80.0,0.0
0,1.0,16.5,1.25,1.0,3.0,2.0,1.0,0.25,2.0,1.0,1.0,1.0,1.0,108.0,98.0
0,2.0,23.3,12.6,1.0,3.0,7.0,1.0,0.125,2.0,1.0,2.0,1.0,1.0,0.0,5550.0
0,2.0,17.6,10.0,1.0,3.0,1.0,2.0,0.165,2.0,1.0,1.0,1.0,1.0,120.0,1.0
0,1.0,0.0,1.5,1.0,3.0,12.0,4.0,0.0,2.0,1.0,2.0,2.0,1.0,200.0,105.0
0,2.0,29.5,0.58,1.0,3.0,1.0,1.0,0.29,2.0,1.0,1.0,1.0,1.0,340.0,2800.0
0,2.0,18.8,0.415,2.0,2.0,7.0,1.0,0.165,2.0,1.0,1.0,1.0,1.0,200.0,1.0
0,1.0,21.8,1.75,2.0,2.0,14.0,5.0,0.0,2.0,2.0,0.0,1.0,1.0,160.0,0.0
0,2.0,23.0,0.75,1.0,3.0,3.0,1.0,0.5,2.0,2.0,0.0,2.0,3.0,320.0,0.0
0,1.0,18.3,10.0,1.0,3.0,1.0,1.0,1.0,2.0,1.0,1.0,1.0,1.0,120.0,1.0
0,2.0,25.4,0.54,1.0,3.0,1.0,1.0,0.165,2.0,1.0,1.0,1.0,1.0,272.0,444.0
0,2.0,35.8,2.42,1.0,3.0,1.0,1.0,0.125,2.0,1.0,2.0,1.0,1.0,220.0,1.0
0,1.0,16.1,0.335,1.0,3.0,12.0,4.0,0.0,2.0,1.0,1.0,1.0,1.0,160.0,126.0
0,1.0,31.9,3.13,1.0,3.0,12.0,4.0,3.04,2.0,1.0,2.0,2.0,1.0,200.0,4.0
0,2.0,69.2,9.0,1.0,3.0,12.0,4.0,4.0,2.0,1.0,1.0,1.0,1.0,70.0,6.0
0,2.0,32.9,2.5,1.0,3.0,11.0,1.0,1.75,2.0,1.0,2.0,2.0,1.0,720.0,0.0
0,2.0,16.3,2.75,1.0,3.0,11.0,1.0,0.665,2.0,1.0,1.0,1.0,1.0,80.0,21.0
0,2.0,22.2,12.1,1.0,3.0,7.0,1.0,3.33,2.0,1.0,2.0,2.0,1.0,180.0,173.0
0,1.0,57.6,2.0,1.0,3.0,12.0,4.0,6.5,2.0,1.0,1.0,1.0,1.0,0.0,10.0
0,2.0,18.3,0.165,1.0,3.0,8.0,1.0,0.25,2.0,2.0,0.0,2.0,3.0,280.0,0.0
0,2.0,23.4,1.0,1.0,3.0,7.0,1.0,0.5,2.0,2.0,0.0,2.0,3.0,280.0,0.0
0,1.0,15.9,2.88,1.0,3.0,2.0,1.0,0.085,2.0,2.0,0.0,1.0,1.0,120.0,0.0
0,1.0,24.8,13.7,1.0,3.0,2.0,2.0,1.5,2.0,2.0,0.0,1.0,1.0,280.0,1.0
0,2.0,48.8,26.3,2.0,2.0,12.0,4.0,0.0,1.0,2.0,0.0,2.0,1.0,0.0,0.0
0,2.0,23.5,2.75,1.0,3.0,12.0,4.0,4.5,2.0,2.0,0.0,1.0,1.0,160.0,25.0
0,2.0,18.6,10.3,1.0,3.0,12.0,4.0,0.415,2.0,2.0,0.0,1.0,1.0,80.0,0.0
0,2.0,27.8,1.29,1.0,3.0,6.0,2.0,0.25,2.0,2.0,0.0,2.0,3.0,140.0,0.0
0,1.0,31.8,3.0,2.0,2.0,14.0,5.0,0.0,2.0,2.0,0.0,1.0,1.0,160.0,20.0
0,1.0,24.8,4.5,1.0,3.0,1.0,1.0,1.0,2.0,2.0,0.0,2.0,1.0,360.0,6.0
0,2.0,19.0,1.75,2.0,2.0,7.0,1.0,2.33,2.0,2.0,0.0,2.0,1.0,112.0,6.0
0,1.0,16.3,0.21,1.0,3.0,11.0,1.0,0.125,2.0,2.0,0.0,1.0,1.0,200.0,1.0
0,1.0,18.6,10.0,1.0,3.0,8.0,1.0,0.415,2.0,2.0,0.0,1.0,1.0,80.0,42.0
0,2.0,16.3,0.0,2.0,2.0,11.0,1.0,0.25,2.0,2.0,0.0,1.0,1.0,60.0,0.0
0,2.0,23.0,0.75,1.0,3.0,3.0,1.0,0.5,1.0,2.0,0.0,2.0,3.0,320.0,0.0
0,2.0,21.2,0.25,2.0,2.0,7.0,2.0,0.25,2.0,2.0,0.0,1.0,1.0,280.0,204.0
1,2.0,17.5,22.0,5.0,1.0,12.0,9.0,0.0,2.0,2.0,0.0,2.0,2.0,450.0,100000.0
1,2.0,19.2,0.0,2.0,2.0,3.0,3.0,0.0,2.0,2.0,0.0,2.0,3.0,500.0,1.0
1,2.0,36.8,0.125,2.0,2.0,7.0,1.0,1.5,2.0,2.0,0.0,2.0,1.0,232.0,113.0
1,2.0,21.3,1.5,1.0,3.0,1.0,1.0,1.5,2.0,2.0,0.0,1.0,1.0,150.0,8.0
1,1.0,18.1,0.375,5.0,1.0,5.0,4.0,10.0,2.0,2.0,0.0,2.0,3.0,300.0,0.0
1,1.0,33.7,0.375,1.0,3.0,5.0,1.0,0.375,2.0,2.0,0.0,1.0,1.0,300.0,44.0
1,2.0,48.6,0.205,2.0,2.0,6.0,1.0,0.25,1.0,1.0,11.0,1.0,1.0,380.0,2730.0
0,2.0,33.7,1.25,1.0,3.0,1.0,1.0,1.17,2.0,2.0,0.0,1.0,1.0,120.0,0.0
0,1.0,29.5,1.08,2.0,2.0,9.0,1.0,1.0,2.0,2.0,0.0,1.0,1.0,280.0,13.0
0,2.0,30.2,1.08,2.0,2.0,7.0,1.0,0.04,2.0,2.0,0.0,1.0,1.0,170.0,179.0
0,0.0,40.8,3.5,1.0,3.0,10.0,3.0,0.5,2.0,2.0,0.0,1.0,3.0,1160.0,0.0
0,2.0,34.8,2.5,2.0,2.0,1.0,1.0,3.0,2.0,2.0,0.0,1.0,3.0,200.0,0.0
0,2.0,0.0,4.0,2.0,2.0,10.0,1.0,0.085,2.0,2.0,0.0,2.0,1.0,411.0,0.0
0,2.0,20.4,0.0,0.0,0.0,0.0,0.0,0.0,2.0,2.0,0.0,1.0,2.0,0.0,0.0
0,1.0,33.3,2.5,2.0,2.0,7.0,1.0,2.5,2.0,2.0,0.0,2.0,1.0,0.0,2.0
0,2.0,34.1,2.5,1.0,3.0,7.0,1.0,1.0,2.0,2.0,0.0,1.0,1.0,460.0,16.0
0,1.0,25.3,12.5,1.0,3.0,8.0,1.0,1.0,2.0,2.0,0.0,2.0,1.0,180.0,1060.0
0,2.0,34.8,2.5,1.0,3.0,5.0,3.0,0.5,2.0,2.0,0.0,1.0,1.0,348.0,0.0
0,2.0,27.7,0.75,1.0,3.0,2.0,2.0,0.165,2.0,2.0,0.0,2.0,1.0,220.0,251.0
0,2.0,47.3,6.5,1.0,3.0,7.0,1.0,1.0,2.0,2.0,0.0,2.0,1.0,0.0,228.0
0,1.0,34.8,1.25,2.0,2.0,10.0,2.0,0.5,2.0,2.0,0.0,2.0,1.0,160.0,0.0
0,1.0,33.3,3.0,2.0,2.0,11.0,1.0,2.0,2.0,2.0,0.0,1.0,1.0,180.0,0.0
0,2.0,28.0,3.0,1.0,3.0,1.0,1.0,0.75,2.0,2.0,0.0,2.0,1.0,300.0,67.0
0,1.0,39.1,4.0,1.0,3.0,7.0,1.0,3.0,2.0,2.0,0.0,1.0,1.0,480.0,0.0
0,2.0,42.8,4.08,1.0,3.0,11.0,1.0,0.04,2.0,2.0,0.0,1.0,1.0,108.0,100.0
0,2.0,26.9,2.25,1.0,3.0,10.0,3.0,0.5,2.0,2.0,0.0,2.0,1.0,640.0,4000.0
0,2.0,33.8,2.75,1.0,3.0,10.0,3.0,0.0,2.0,2.0,0.0,1.0,1.0,180.0,0.0
0,2.0,38.9,1.75,1.0,3.0,6.0,1.0,0.5,2.0,2.0,0.0,2.0,1.0,300.0,2.0
0,2.0,62.8,7.0,1.0,3.0,13.0,6.0,0.0,2.0,2.0,0.0,1.0,1.0,0.0,12.0
0,0.0,32.3,1.5,1.0,3.0,7.0,1.0,0.25,2.0,2.0,0.0,2.0,1.0,372.0,122.0
0,2.0,26.8,4.5,2.0,2.0,7.0,3.0,2.5,2.0,2.0,0.0,1.0,1.0,200.0,1210.0
0,2.0,63.3,0.54,1.0,3.0,7.0,1.0,0.585,1.0,1.0,3.0,2.0,1.0,180.0,0.0
0,2.0,27.8,1.5,1.0,3.0,1.0,1.0,2.25,2.0,1.0,1.0,2.0,1.0,100.0,3.0
0,1.0,26.2,2.0,1.0,3.0,14.0,5.0,0.0,2.0,2.0,0.0,2.0,1.0,276.0,1.0
0,2.0,22.2,0.585,2.0,2.0,12.0,4.0,0.0,2.0,2.0,0.0,1.0,1.0,100.0,0.0
0,2.0,22.5,11.5,2.0,2.0,3.0,1.0,1.5,2.0,2.0,0.0,2.0,1.0,0.0,4000.0
0,2.0,30.8,1.58,1.0,3.0,8.0,1.0,0.585,2.0,2.0,0.0,2.0,3.0,0.0,0.0
0,2.0,36.7,2.0,1.0,3.0,10.0,1.0,0.25,2.0,2.0,0.0,2.0,1.0,221.0,0.0
0,1.0,16.0,0.165,1.0,3.0,11.0,1.0,1.0,2.0,1.0,2.0,2.0,1.0,320.0,1.0
0,2.0,41.2,1.33,1.0,3.0,8.0,1.0,0.165,2.0,2.0,0.0,1.0,1.0,168.0,0.0
0,1.0,19.5,0.165,1.0,3.0,2.0,1.0,0.04,2.0,2.0,0.0,2.0,1.0,380.0,0.0
0,2.0,32.4,3.0,1.0,3.0,8.0,1.0,0.165,2.0,2.0,0.0,2.0,1.0,120.0,0.0
0,1.0,36.8,4.71,1.0,3.0,12.0,4.0,0.0,2.0,2.0,0.0,1.0,1.0,160.0,0.0
0,1.0,30.3,5.5,1.0,3.0,6.0,1.0,5.5,2.0,2.0,0.0,2.0,3.0,100.0,0.0
0,2.0,23.1,2.5,1.0,3.0,12.0,4.0,0.085,2.0,2.0,0.0,2.0,1.0,100.0,4210.0
0,2.0,26.8,0.54,1.0,3.0,6.0,4.0,0.0,2.0,2.0,0.0,1.0,1.0,100.0,0.0
0,2.0,16.9,0.335,2.0,2.0,6.0,1.0,0.29,2.0,2.0,0.0,1.0,3.0,200.0,0.0
0,2.0,24.4,2.0,1.0,3.0,13.0,7.0,0.165,2.0,1.0,2.0,1.0,1.0,320.0,1300.0
0,2.0,42.8,1.25,1.0,3.0,3.0,1.0,13.9,2.0,1.0,1.0,2.0,1.0,352.0,112.0
0,1.0,22.8,6.17,1.0,3.0,11.0,1.0,0.165,2.0,2.0,0.0,1.0,1.0,220.0,1000.0
0,2.0,39.4,1.71,2.0,2.0,3.0,1.0,0.165,2.0,2.0,0.0,1.0,3.0,400.0,0.0
0,1.0,23.6,11.5,2.0,2.0,6.0,2.0,3.0,2.0,2.0,0.0,2.0,1.0,20.0,16.0
0,2.0,21.4,0.75,2.0,2.0,4.0,8.0,0.75,2.0,2.0,0.0,2.0,1.0,132.0,2.0
0,2.0,33.0,2.5,2.0,2.0,1.0,1.0,7.0,2.0,2.0,0.0,2.0,1.0,280.0,0.0
0,2.0,26.3,13.0,1.0,3.0,13.0,7.0,0.0,2.0,2.0,0.0,2.0,1.0,140.0,1110.0
0,1.0,45.0,4.58,1.0,3.0,6.0,2.0,1.0,2.0,2.0,0.0,2.0,3.0,240.0,0.0
0,2.0,26.3,1.54,1.0,3.0,1.0,1.0,0.125,2.0,2.0,0.0,1.0,1.0,100.0,0.0
0,0.0,28.2,0.585,1.0,3.0,11.0,1.0,0.04,2.0,2.0,0.0,1.0,1.0,260.0,1000.0
0,1.0,20.8,0.5,2.0,2.0,13.0,7.0,1.0,2.0,2.0,0.0,1.0,1.0,260.0,0.0
0,2.0,28.7,14.5,1.0,3.0,8.0,1.0,0.125,2.0,2.0,0.0,1.0,1.0,0.0,286.0
0,2.0,20.7,0.835,2.0,2.0,7.0,1.0,2.0,2.0,2.0,0.0,2.0,3.0,240.0,0.0
0,2.0,34.4,1.33,1.0,3.0,10.0,3.0,0.125,2.0,2.0,0.0,2.0,1.0,440.0,4500.0
0,2.0,33.6,0.25,1.0,3.0,10.0,3.0,4.0,2.0,2.0,0.0,2.0,3.0,420.0,0.0
0,2.0,43.2,5.0,1.0,3.0,10.0,3.0,2.25,2.0,2.0,0.0,2.0,1.0,141.0,0.0
0,1.0,22.7,7.0,1.0,3.0,7.0,1.0,0.165,2.0,2.0,0.0,1.0,1.0,160.0,0.0
0,1.0,24.3,2.5,2.0,2.0,10.0,3.0,4.5,2.0,2.0,0.0,1.0,1.0,200.0,456.0
0,1.0,56.8,4.25,2.0,2.0,12.0,4.0,5.0,2.0,2.0,0.0,2.0,1.0,0.0,4.0
0,2.0,22.1,11.5,1.0,3.0,6.0,1.0,1.58,2.0,2.0,0.0,2.0,1.0,100.0,1210.0
0,2.0,34.0,5.5,2.0,2.0,7.0,1.0,1.5,2.0,2.0,0.0,2.0,1.0,60.0,0.0
0,2.0,22.6,1.5,2.0,2.0,11.0,1.0,0.54,2.0,2.0,0.0,2.0,1.0,120.0,67.0
0,2.0,21.2,0.0,1.0,3.0,7.0,1.0,0.5,2.0,2.0,0.0,2.0,3.0,0.0,0.0
0,2.0,26.7,14.6,1.0,3.0,10.0,3.0,0.0,2.0,2.0,0.0,2.0,1.0,178.0,0.0
0,2.0,22.9,0.17,1.0,3.0,3.0,1.0,0.085,2.0,2.0,0.0,1.0,3.0,0.0,0.0
0,2.0,15.2,7.0,1.0,3.0,13.0,1.0,1.0,2.0,2.0,0.0,1.0,1.0,600.0,0.0
0,2.0,39.9,5.0,1.0,3.0,10.0,3.0,0.21,2.0,2.0,0.0,1.0,1.0,550.0,0.0
0,2.0,27.4,12.5,1.0,3.0,11.0,3.0,0.25,2.0,2.0,0.0,2.0,1.0,720.0,0.0
0,2.0,24.8,0.54,1.0,3.0,3.0,1.0,1.0,2.0,2.0,0.0,2.0,1.0,120.0,1.0
0,2.0,41.2,1.25,2.0,2.0,1.0,1.0,0.25,2.0,2.0,0.0,1.0,1.0,0.0,195.0
0,1.0,33.1,1.63,1.0,3.0,8.0,1.0,0.54,2.0,2.0,0.0,2.0,1.0,0.0,0.0
0,2.0,29.8,2.04,2.0,2.0,9.0,2.0,0.04,2.0,2.0,0.0,1.0,1.0,128.0,1.0
0,1.0,23.6,0.585,2.0,2.0,12.0,4.0,0.125,2.0,2.0,0.0,1.0,1.0,120.0,87.0
0,2.0,26.2,12.5,2.0,2.0,6.0,2.0,1.25,2.0,2.0,0.0,2.0,1.0,0.0,17.0
0,2.0,31.0,2.08,1.0,3.0,7.0,1.0,0.085,2.0,2.0,0.0,1.0,1.0,300.0,0.0
0,2.0,20.8,5.08,2.0,2.0,14.0,1.0,0.29,2.0,2.0,0.0,1.0,1.0,140.0,184.0
0,2.0,28.9,0.375,1.0,3.0,7.0,1.0,0.29,2.0,2.0,0.0,1.0,1.0,220.0,140.0
0,1.0,51.9,6.5,1.0,3.0,10.0,3.0,3.08,2.0,2.0,0.0,2.0,1.0,73.0,0.0
0,1.0,22.7,0.335,1.0,3.0,2.0,1.0,0.75,2.0,2.0,0.0,1.0,3.0,160.0,0.0
0,2.0,34.0,5.08,2.0,2.0,10.0,3.0,1.08,2.0,2.0,0.0,2.0,1.0,480.0,0.0
0,1.0,69.5,6.0,1.0,3.0,12.0,4.0,0.0,2.0,2.0,0.0,1.0,3.0,0.0,0.0
0,1.0,40.3,8.13,2.0,2.0,6.0,1.0,0.165,2.0,1.0,2.0,1.0,1.0,0.0,18.0
0,1.0,19.6,0.665,2.0,2.0,7.0,1.0,1.0,2.0,1.0,1.0,1.0,1.0,2000.0,2.0
0,2.0,16.0,3.13,1.0,3.0,1.0,1.0,0.085,2.0,1.0,1.0,1.0,1.0,0.0,6.0
0,2.0,17.1,0.25,1.0,3.0,2.0,1.0,0.335,2.0,1.0,4.0,1.0,1.0,160.0,8.0
0,2.0,31.3,2.83,1.0,3.0,12.0,4.0,0.0,2.0,1.0,5.0,1.0,1.0,176.0,146.0
0,2.0,25.2,3.0,1.0,3.0,7.0,1.0,1.25,2.0,1.0,1.0,1.0,1.0,0.0,22.0
0,1.0,22.7,0.79,1.0,3.0,10.0,1.0,0.085,2.0,2.0,0.0,1.0,1.0,144.0,0.0
0,2.0,40.6,1.5,1.0,3.0,10.0,3.0,0.0,2.0,2.0,0.0,1.0,3.0,300.0,0.0
0,2.0,22.3,0.46,1.0,3.0,6.0,1.0,0.125,2.0,2.0,0.0,2.0,1.0,280.0,55.0
0,1.0,22.3,1.25,2.0,2.0,12.0,4.0,3.25,2.0,2.0,0.0,1.0,1.0,280.0,0.0
0,2.0,22.5,0.125,2.0,2.0,6.0,1.0,0.125,2.0,2.0,0.0,1.0,1.0,200.0,70.0
0,2.0,23.6,1.79,1.0,3.0,7.0,1.0,0.54,2.0,2.0,0.0,2.0,1.0,136.0,1.0
0,2.0,38.4,0.705,1.0,3.0,7.0,1.0,0.375,2.0,1.0,2.0,1.0,1.0,225.0,500.0
0,1.0,26.6,2.54,2.0,2.0,12.0,4.0,0.0,2.0,2.0,0.0,2.0,1.0,180.0,60.0
0,2.0,35.0,2.5,1.0,3.0,10.0,1.0,1.0,2.0,2.0,0.0,2.0,1.0,210.0,0.0
0,2.0,20.4,1.08,1.0,3.0,2.0,1.0,1.5,2.0,2.0,0.0,1.0,1.0,108.0,7.0
0,2.0,29.4,1.25,1.0,3.0,1.0,1.0,1.75,2.0,2.0,0.0,1.0,1.0,200.0,0.0
0,2.0,26.2,0.835,1.0,3.0,5.0,1.0,1.17,2.0,2.0,0.0,1.0,1.0,100.0,0.0
0,2.0,33.7,2.17,1.0,3.0,7.0,1.0,1.5,2.0,2.0,0.0,1.0,2.0,120.0,0.0
0,2.0,24.6,1.25,1.0,3.0,7.0,1.0,0.25,2.0,2.0,0.0,1.0,1.0,110.0,0.0
0,1.0,27.7,2.04,1.0,3.0,1.0,1.0,0.25,2.0,2.0,0.0,2.0,1.0,180.0,50.0
0,2.0,37.5,0.835,1.0,3.0,13.0,1.0,0.04,2.0,2.0,0.0,1.0,1.0,120.0,5.0
0,2.0,49.2,2.29,1.0,3.0,12.0,4.0,0.29,2.0,2.0,0.0,1.0,1.0,200.0,3.0
0,2.0,33.6,0.335,2.0,2.0,5.0,1.0,0.085,2.0,2.0,0.0,1.0,1.0,180.0,0.0
0,2.0,51.8,3.0,2.0,2.0,12.0,4.0,1.5,2.0,2.0,0.0,1.0,1.0,180.0,4.0
0,2.0,22.9,3.17,2.0,2.0,7.0,1.0,0.165,2.0,2.0,0.0,1.0,1.0,160.0,1060.0
0,2.0,21.8,1.54,1.0,3.0,6.0,1.0,0.085,2.0,2.0,0.0,2.0,1.0,356.0,0.0
0,2.0,25.3,1.0,1.0,3.0,11.0,1.0,0.5,2.0,2.0,0.0,1.0,1.0,200.0,0.0
0,2.0,58.6,2.71,1.0,3.0,7.0,1.0,2.42,2.0,2.0,0.0,2.0,1.0,320.0,0.0
0,2.0,19.0,0.0,2.0,2.0,12.0,4.0,0.0,2.0,1.0,4.0,1.0,1.0,45.0,1.0
0,2.0,19.6,0.585,1.0,3.0,12.0,4.0,0.0,2.0,1.0,3.0,1.0,1.0,350.0,769.0
0,1.0,53.3,0.165,1.0,3.0,12.0,4.0,0.0,2.0,2.0,0.0,2.0,3.0,62.0,27.0
0,1.0,27.2,1.25,1.0,3.0,12.0,4.0,0.0,2.0,1.0,1.0,1.0,1.0,92.0,300.0
0,2.0,25.9,0.875,1.0,3.0,6.0,1.0,0.375,2.0,1.0,2.0,2.0,1.0,174.0,3.0
0,2.0,23.1,0.0,1.0,3.0,6.0,1.0,1.0,2.0,1.0,11.0,1.0,3.0,0.0,0.0
0,2.0,39.6,5.0,1.0,3.0,12.0,4.0,0.0,2.0,1.0,2.0,1.0,1.0,17.0,1.0
0,2.0,30.6,2.71,2.0,2.0,3.0,1.0,0.125,2.0,2.0,0.0,2.0,3.0,80.0,0.0
0,2.0,17.3,3.0,1.0,3.0,6.0,1.0,0.04,2.0,2.0,0.0,2.0,1.0,160.0,40.0
0,1.0,17.7,0.0,2.0,2.0,14.0,4.0,0.0,2.0,2.0,0.0,1.0,1.0,86.0,0.0
0,1.0,0.0,11.3,1.0,3.0,12.0,4.0,0.0,2.0,2.0,0.0,1.0,1.0,0.0,5200.0
0,2.0,16.5,0.125,1.0,3.0,7.0,1.0,0.165,2.0,2.0,0.0,1.0,1.0,132.0,0.0
0,1.0,27.3,1.67,1.0,3.0,12.0,4.0,0.0,2.0,2.0,0.0,1.0,1.0,340.0,1.0
0,2.0,31.3,1.13,1.0,3.0,12.0,4.0,0.0,2.0,1.0,1.0,1.0,1.0,96.0,19.0
0,2.0,20.0,7.0,1.0,3.0,7.0,1.0,0.5,2.0,2.0,0.0,1.0,1.0,0.0,0.0
0,2.0,0.0,3.0,2.0,2.0,10.0,3.0,7.0,2.0,2.0,0.0,1.0,1.0,0.0,1.0
0,2.0,39.5,1.63,1.0,3.0,7.0,1.0,1.5,2.0,2.0,0.0,1.0,1.0,0.0,316.0
0,2.0,36.5,4.25,1.0,3.0,2.0,1.0,3.5,2.0,2.0,0.0,1.0,1.0,454.0,50.0
0,0.0,29.8,0.665,1.0,3.0,1.0,1.0,0.25,2.0,2.0,0.0,2.0,1.0,300.0,0.0
0,2.0,52.4,1.5,1.0,3.0,8.0,1.0,3.75,2.0,2.0,0.0,2.0,1.0,0.0,350.0
0,2.0,36.2,18.1,1.0,3.0,1.0,1.0,0.085,2.0,2.0,0.0,1.0,1.0,320.0,3550.0
0,2.0,34.6,0.0,0.0,0.0,0.0,0.0,0.0,2.0,2.0,0.0,1.0,2.0,0.0,0.0
0,2.0,29.7,0.75,2.0,2.0,7.0,1.0,0.04,2.0,2.0,0.0,1.0,1.0,240.0,0.0
0,2.0,36.2,5.5,1.0,3.0,10.0,3.0,5.0,2.0,2.0,0.0,1.0,1.0,210.0,687.0
0,2.0,25.7,0.29,2.0,2.0,7.0,1.0,1.5,2.0,2.0,0.0,2.0,1.0,160.0,0.0
0,1.0,24.5,2.42,2.0,2.0,7.0,1.0,0.0,2.0,2.0,0.0,1.0,1.0,120.0,0.0
0,2.0,24.1,0.875,1.0,3.0,3.0,1.0,0.085,2.0,1.0,4.0,1.0,1.0,254.0,1950.0
0,2.0,21.9,0.5,1.0,3.0,7.0,1.0,0.125,2.0,2.0,0.0,1.0,1.0,360.0,0.0
0,1.0,36.6,0.29,1.0,3.0,12.0,4.0,0.0,2.0,1.0,10.0,1.0,1.0,200.0,18.0
0,1.0,23.0,1.83,1.0,3.0,14.0,5.0,0.0,2.0,1.0,1.0,1.0,1.0,200.0,53.0
0,1.0,27.6,3.0,1.0,3.0,3.0,1.0,2.79,2.0,1.0,1.0,2.0,1.0,280.0,10.0
0,2.0,31.1,3.08,1.0,3.0,7.0,1.0,2.5,2.0,1.0,2.0,2.0,1.0,160.0,41.0
0,1.0,30.4,1.38,1.0,3.0,1.0,2.0,0.04,2.0,1.0,3.0,1.0,1.0,0.0,33.0
0,2.0,22.1,2.33,1.0,3.0,6.0,1.0,0.75,2.0,2.0,0.0,1.0,1.0,180.0,0.0
0,2.0,16.3,4.08,1.0,3.0,10.0,2.0,0.415,2.0,2.0,0.0,2.0,1.0,120.0,0.0
0,1.0,21.9,11.7,1.0,3.0,6.0,2.0,0.085,2.0,2.0,0.0,1.0,1.0,320.0,5.0
0,2.0,21.1,4.13,2.0,2.0,10.0,2.0,0.04,2.0,2.0,0.0,1.0,1.0,140.0,100.0
0,2.0,17.4,6.5,1.0,3.0,10.0,1.0,0.125,2.0,2.0,0.0,1.0,1.0,60.0,100.0
0,2.0,19.2,4.0,2.0,2.0,10.0,1.0,1.0,2.0,2.0,0.0,2.0,1.0,360.0,1000.0
0,2.0,20.7,0.415,1.0,3.0,7.0,1.0,0.125,2.0,2.0,0.0,1.0,1.0,0.0,44.0
0,2.0,26.8,2.0,1.0,3.0,8.0,1.0,0.75,2.0,2.0,0.0,2.0,1.0,80.0,0.0
0,2.0,23.6,0.835,1.0,3.0,10.0,2.0,0.085,2.0,2.0,0.0,2.0,1.0,220.0,5.0
0,2.0,39.2,2.5,2.0,2.0,10.0,2.0,10.0,2.0,2.0,0.0,2.0,3.0,200.0,0.0
0,2.0,22.8,11.5,1.0,3.0,10.0,1.0,0.415,2.0,2.0,0.0,1.0,1.0,0.0,0.0
0,0.0,26.5,2.71,2.0,2.0,0.0,0.0,0.085,2.0,2.0,0.0,1.0,3.0,80.0,0.0
0,1.0,16.9,0.5,1.0,3.0,10.0,1.0,0.165,2.0,1.0,6.0,2.0,1.0,240.0,35.0
0,2.0,23.5,3.17,2.0,2.0,6.0,1.0,0.415,2.0,1.0,1.0,2.0,1.0,280.0,80.0
0,1.0,17.3,9.5,1.0,3.0,11.0,1.0,1.75,2.0,1.0,10.0,2.0,1.0,0.0,10.0
0,2.0,23.8,0.415,2.0,2.0,7.0,1.0,0.04,2.0,1.0,2.0,1.0,1.0,128.0,6.0
0,2.0,34.7,1.08,1.0,3.0,3.0,1.0,1.17,2.0,2.0,0.0,1.0,3.0,28.0,0.0
0,2.0,74.8,19.0,2.0,2.0,12.0,4.0,0.04,2.0,1.0,2.0,1.0,1.0,0.0,351.0
0,2.0,28.2,0.125,2.0,2.0,6.0,1.0,0.085,2.0,2.0,0.0,1.0,1.0,216.0,2100.0
0,2.0,24.5,13.3,2.0,2.0,11.0,1.0,0.04,2.0,2.0,0.0,2.0,1.0,120.0,475.0
0,2.0,18.8,3.54,2.0,2.0,12.0,4.0,0.0,2.0,2.0,0.0,2.0,1.0,180.0,1.0
0,0.0,45.3,1.0,1.0,3.0,2.0,1.0,0.125,2.0,2.0,0.0,2.0,1.0,263.0,0.0
1,1.0,47.3,0.75,1.0,3.0,2.0,2.0,2.75,1.0,1.0,1.0,1.0,1.0,333.0,892.0
1,2.0,24.2,0.875,1.0,3.0,2.0,1.0,4.63,1.0,1.0,2.0,2.0,1.0,520.0,2000.0
1,2.0,39.3,9.5,1.0,3.0,3.0,1.0,6.5,1.0,1.0,14.0,1.0,1.0,240.0,4610.0
1,1.0,20.5,11.8,1.0,3.0,7.0,2.0,6.0,1.0,2.0,0.0,1.0,1.0,340.0,0.0
1,1.0,18.8,4.42,2.0,2.0,7.0,2.0,3.0,1.0,2.0,0.0,1.0,1.0,240.0,0.0
1,2.0,19.2,9.5,1.0,3.0,1.0,1.0,1.5,1.0,2.0,0.0,1.0,1.0,120.0,2210.0
1,1.0,25.0,0.875,1.0,3.0,9.0,2.0,1.04,1.0,2.0,0.0,2.0,1.0,160.0,5860.0
1,2.0,20.2,9.25,1.0,3.0,7.0,1.0,1.67,1.0,1.0,3.0,2.0,1.0,40.0,28.0
1,2.0,25.8,0.5,1.0,3.0,7.0,1.0,1.46,1.0,1.0,5.0,2.0,1.0,312.0,0.0
1,2.0,20.4,7.0,1.0,3.0,7.0,1.0,1.63,1.0,1.0,3.0,1.0,1.0,200.0,1390.0
1,2.0,0.0,4.0,1.0,3.0,9.0,1.0,5.0,1.0,1.0,3.0,2.0,1.0,290.0,2280.0
1,2.0,39.0,5.0,1.0,3.0,5.0,1.0,3.5,1.0,1.0,10.0,2.0,1.0,0.0,0.0
1,1.0,64.1,0.165,1.0,3.0,12.0,4.0,0.0,1.0,1.0,1.0,1.0,1.0,232.0,100.0
1,2.0,28.3,5.13,1.0,3.0,9.0,1.0,4.75,1.0,1.0,2.0,1.0,1.0,420.0,7.0
1,1.0,28.8,3.75,1.0,3.0,7.0,1.0,1.08,1.0,1.0,1.0,2.0,1.0,371.0,0.0
1,2.0,31.3,19.5,1.0,3.0,7.0,1.0,7.0,1.0,1.0,16.0,1.0,1.0,0.0,5000.0
1,1.0,18.9,9.0,1.0,3.0,11.0,1.0,0.75,1.0,1.0,2.0,1.0,1.0,88.0,591.0
1,1.0,24.8,3.0,1.0,3.0,2.0,2.0,1.83,1.0,1.0,19.0,1.0,1.0,0.0,500.0
1,1.0,30.7,12.0,1.0,3.0,7.0,1.0,2.0,1.0,1.0,1.0,1.0,1.0,220.0,19.0
1,2.0,21.0,4.79,2.0,2.0,1.0,1.0,2.25,1.0,1.0,1.0,2.0,1.0,80.0,300.0
1,2.0,13.8,4.0,2.0,2.0,1.0,1.0,1.75,1.0,1.0,2.0,2.0,1.0,120.0,1000.0
1,1.0,46.0,4.0,1.0,3.0,14.0,5.0,0.0,1.0,2.0,0.0,1.0,1.0,100.0,960.0
1,1.0,44.3,0.0,1.0,3.0,7.0,1.0,2.5,1.0,2.0,0.0,1.0,1.0,0.0,0.0
1,2.0,20.3,9.96,1.0,3.0,13.0,7.0,0.0,1.0,2.0,0.0,1.0,1.0,0.0,0.0
1,2.0,22.7,2.54,2.0,2.0,7.0,2.0,2.58,1.0,2.0,0.0,1.0,1.0,0.0,0.0
1,2.0,0.0,10.5,1.0,3.0,9.0,1.0,6.5,1.0,2.0,0.0,1.0,1.0,0.0,0.0
1,1.0,60.9,5.0,1.0,3.0,11.0,1.0,4.0,1.0,1.0,4.0,1.0,1.0,0.0,99.0
1,2.0,16.1,0.75,1.0,3.0,7.0,1.0,1.75,1.0,1.0,5.0,2.0,1.0,352.0,690.0
1,1.0,28.2,0.375,1.0,3.0,2.0,1.0,0.585,1.0,1.0,4.0,1.0,1.0,80.0,0.0
1,2.0,39.2,1.71,1.0,3.0,9.0,1.0,0.125,1.0,1.0,5.0,2.0,1.0,480.0,0.0
1,0.0,20.4,7.5,1.0,3.0,6.0,1.0,1.5,1.0,1.0,1.0,1.0,1.0,160.0,234.0
1,1.0,30.0,5.29,1.0,3.0,13.0,7.0,2.25,1.0,1.0,5.0,2.0,1.0,99.0,500.0
1,2.0,22.8,3.0,1.0,3.0,3.0,1.0,1.29,1.0,1.0,1.0,1.0,1.0,260.0,800.0
0,1.0,22.5,8.5,1.0,3.0,2.0,1.0,1.75,1.0,1.0,10.0,1.0,1.0,80.0,990.0
0,1.0,28.6,1.67,1.0,3.0,2.0,1.0,2.42,1.0,2.0,0.0,2.0,1.0,440.0,0.0
0,2.0,45.2,1.5,1.0,3.0,7.0,1.0,2.5,1.0,2.0,0.0,2.0,1.0,140.0,0.0
0,2.0,41.6,1.75,1.0,3.0,6.0,1.0,0.21,1.0,2.0,0.0,1.0,1.0,160.0,0.0
0,1.0,57.1,0.335,1.0,3.0,10.0,3.0,1.0,1.0,2.0,0.0,2.0,1.0,252.0,2200.0
0,1.0,55.8,7.08,1.0,3.0,6.0,2.0,6.75,1.0,1.0,3.0,2.0,1.0,100.0,50.0
0,2.0,43.3,25.2,1.0,3.0,2.0,2.0,0.21,1.0,1.0,1.0,1.0,1.0,760.0,90.0
0,1.0,25.3,2.08,1.0,3.0,7.0,2.0,2.75,1.0,2.0,0.0,2.0,1.0,360.0,1.0
0,1.0,24.6,0.67,1.0,3.0,11.0,2.0,1.75,1.0,2.0,0.0,1.0,1.0,400.0,0.0
0,2.0,43.2,2.25,1.0,3.0,10.0,3.0,0.75,1.0,2.0,0.0,1.0,1.0,560.0,0.0
0,2.0,40.9,0.835,1.0,3.0,12.0,4.0,0.0,1.0,2.0,0.0,1.0,1.0,130.0,1.0
0,2.0,31.8,2.5,1.0,3.0,11.0,1.0,7.5,1.0,2.0,0.0,2.0,1.0,523.0,0.0
0,1.0,33.9,1.58,2.0,2.0,12.0,4.0,0.0,1.0,2.0,0.0,1.0,1.0,320.0,0.0
0,1.0,24.9,1.25,1.0,3.0,12.0,4.0,0.0,1.0,2.0,0.0,1.0,1.0,80.0,0.0
0,2.0,35.3,3.17,1.0,3.0,9.0,2.0,3.75,1.0,2.0,0.0,2.0,1.0,680.0,0.0
0,2.0,34.3,1.75,1.0,3.0,1.0,3.0,0.25,1.0,2.0,0.0,2.0,1.0,163.0,0.0
0,2.0,80.3,5.5,1.0,3.0,0.0,0.0,0.54,1.0,2.0,0.0,1.0,1.0,0.0,340.0
0,2.0,19.4,1.5,2.0,2.0,5.0,1.0,2.0,1.0,2.0,0.0,2.0,1.0,100.0,20.0
0,2.0,42.8,3.0,1.0,3.0,10.0,3.0,1.0,1.0,2.0,0.0,1.0,1.0,0.0,200.0
0,2.0,19.7,10.0,2.0,2.0,6.0,2.0,0.835,1.0,2.0,0.0,2.0,1.0,140.0,0.0
0,2.0,36.3,3.79,1.0,3.0,1.0,1.0,1.17,1.0,2.0,0.0,2.0,1.0,200.0,0.0
0,2.0,30.1,1.04,2.0,2.0,10.0,3.0,0.5,1.0,1.0,10.0,2.0,1.0,132.0,28.0
0,2.0,44.3,11.0,2.0,2.0,8.0,1.0,1.5,1.0,2.0,0.0,1.0,3.0,0.0,0.0
0,2.0,23.6,0.46,2.0,2.0,1.0,1.0,2.63,1.0,1.0,6.0,2.0,1.0,208.0,347.0
1,2.0,23.9,1.5,1.0,3.0,8.0,2.0,1.88,1.0,1.0,6.0,1.0,1.0,200.0,327.0
1,2.0,33.2,1.0,1.0,3.0,9.0,1.0,0.75,1.0,1.0,7.0,2.0,1.0,340.0,4070.0
1,2.0,48.3,12.0,1.0,3.0,3.0,1.0,16.0,1.0,2.0,0.0,1.0,3.0,110.0,0.0
1,2.0,76.8,22.3,1.0,3.0,13.0,6.0,12.8,1.0,1.0,1.0,2.0,1.0,0.0,109.0
1,2.0,51.3,10.0,1.0,3.0,10.0,3.0,0.0,1.0,1.0,11.0,1.0,1.0,0.0,1250.0
1,2.0,34.8,15.0,1.0,3.0,4.0,8.0,5.38,1.0,1.0,9.0,2.0,1.0,0.0,134.0
1,2.0,38.6,3.33,1.0,3.0,1.0,1.0,4.0,1.0,1.0,14.0,1.0,1.0,383.0,1340.0
1,1.0,22.4,11.3,2.0,2.0,9.0,2.0,0.75,1.0,1.0,4.0,1.0,1.0,0.0,321.0
1,2.0,41.9,0.42,1.0,3.0,7.0,2.0,0.21,1.0,1.0,6.0,1.0,1.0,220.0,948.0
1,2.0,29.6,4.5,1.0,3.0,1.0,1.0,7.5,1.0,1.0,2.0,2.0,1.0,330.0,0.0
1,1.0,32.2,1.46,1.0,3.0,1.0,1.0,1.08,1.0,1.0,16.0,1.0,1.0,120.0,2080.0
1,2.0,51.4,0.04,1.0,3.0,9.0,2.0,0.04,1.0,2.0,0.0,1.0,1.0,0.0,3000.0
1,1.0,22.8,2.29,1.0,3.0,2.0,2.0,2.29,1.0,1.0,7.0,2.0,1.0,140.0,2380.0
1,1.0,25.0,12.3,1.0,3.0,5.0,2.0,3.5,1.0,1.0,6.0,1.0,1.0,400.0,458.0
1,2.0,26.8,1.13,1.0,3.0,9.0,2.0,1.25,1.0,2.0,0.0,1.0,1.0,0.0,5300.0
1,2.0,23.3,1.5,1.0,3.0,7.0,2.0,1.42,1.0,2.0,0.0,1.0,1.0,422.0,200.0
1,2.0,24.4,12.3,1.0,3.0,2.0,2.0,1.58,1.0,2.0,0.0,2.0,1.0,120.0,0.0
1,2.0,42.2,5.04,1.0,3.0,2.0,2.0,12.8,1.0,2.0,0.0,2.0,1.0,92.0,0.0
1,1.0,20.8,3.0,1.0,3.0,11.0,1.0,0.04,1.0,2.0,0.0,1.0,1.0,100.0,0.0
1,2.0,23.1,11.5,1.0,3.0,1.0,2.0,2.13,1.0,1.0,11.0,2.0,1.0,290.0,284.0
1,1.0,25.2,2.88,1.0,3.0,9.0,2.0,0.875,1.0,2.0,0.0,1.0,1.0,360.0,0.0
1,2.0,43.1,0.375,2.0,2.0,7.0,1.0,0.375,1.0,1.0,8.0,2.0,1.0,300.0,162.0
1,1.0,35.8,0.915,1.0,3.0,11.0,1.0,0.75,1.0,1.0,4.0,1.0,1.0,0.0,1580.0
1,2.0,59.5,2.75,1.0,3.0,1.0,1.0,1.75,1.0,1.0,5.0,2.0,1.0,60.0,58.0
1,2.0,21.0,3.0,2.0,2.0,8.0,1.0,1.08,1.0,1.0,8.0,2.0,1.0,160.0,1.0
1,2.0,21.9,0.54,2.0,2.0,9.0,1.0,0.04,1.0,1.0,1.0,2.0,1.0,840.0,59.0
1,1.0,65.2,14.0,1.0,3.0,12.0,4.0,0.0,1.0,1.0,11.0,2.0,1.0,0.0,1400.0
1,1.0,20.3,10.0,1.0,3.0,7.0,2.0,1.0,1.0,1.0,4.0,1.0,1.0,50.0,1470.0
1,2.0,32.3,0.165,2.0,2.0,7.0,2.0,3.25,1.0,1.0,1.0,2.0,1.0,432.0,8000.0
1,2.0,30.2,0.5,1.0,3.0,7.0,1.0,1.75,1.0,1.0,11.0,1.0,1.0,32.0,540.0
1,2.0,25.2,6.0,1.0,3.0,7.0,1.0,1.0,1.0,1.0,3.0,1.0,1.0,0.0,0.0
1,2.0,39.2,1.63,1.0,3.0,7.0,1.0,1.5,1.0,1.0,10.0,1.0,1.0,186.0,4700.0
1,2.0,39.1,6.0,1.0,3.0,3.0,1.0,1.29,1.0,1.0,5.0,2.0,1.0,108.0,1100.0
1,2.0,31.7,0.83,1.0,3.0,9.0,1.0,1.33,1.0,1.0,8.0,2.0,1.0,303.0,3290.0
1,2.0,41.0,0.04,1.0,3.0,13.0,1.0,0.04,2.0,1.0,1.0,1.0,3.0,560.0,0.0
1,2.0,48.5,4.25,1.0,3.0,3.0,1.0,0.125,1.0,2.0,0.0,2.0,1.0,225.0,0.0
1,2.0,32.7,9.0,2.0,2.0,1.0,2.0,5.25,1.0,2.0,0.0,2.0,1.0,154.0,0.0
1,1.0,28.1,15.0,2.0,2.0,13.0,6.0,0.0,1.0,2.0,0.0,1.0,1.0,0.0,13200.0
1,2.0,73.4,17.8,1.0,3.0,12.0,4.0,0.0,1.0,2.0,0.0,2.0,1.0,0.0,0.0
1,2.0,64.1,20.0,1.0,3.0,9.0,2.0,17.5,1.0,1.0,9.0,2.0,1.0,0.0,1000.0
1,2.0,51.6,15.0,1.0,3.0,7.0,1.0,8.5,1.0,1.0,9.0,1.0,1.0,0.0,0.0
1,2.0,26.7,1.75,2.0,2.0,7.0,1.0,1.0,1.0,1.0,5.0,2.0,1.0,160.0,5780.0
1,2.0,25.3,0.58,1.0,3.0,7.0,1.0,0.29,1.0,1.0,7.0,2.0,1.0,96.0,5120.0
1,2.0,30.2,6.5,1.0,3.0,5.0,1.0,3.13,1.0,1.0,8.0,1.0,1.0,330.0,1200.0
1,2.0,27.0,0.75,1.0,3.0,7.0,2.0,4.25,1.0,1.0,3.0,2.0,1.0,312.0,150.0
1,2.0,23.2,0.0,0.0,0.0,0.0,0.0,0.0,2.0,2.0,0.0,1.0,2.0,0.0,0.0
1,2.0,34.2,5.25,1.0,3.0,1.0,1.0,0.085,2.0,2.0,0.0,2.0,1.0,290.0,6.0
1,2.0,38.7,0.21,1.0,3.0,6.0,1.0,0.085,1.0,2.0,0.0,2.0,1.0,280.0,0.0
1,2.0,25.8,0.75,1.0,3.0,7.0,3.0,0.25,1.0,2.0,0.0,1.0,1.0,349.0,23.0
1,1.0,46.1,3.0,1.0,3.0,7.0,1.0,2.38,1.0,1.0,8.0,2.0,1.0,396.0,4160.0
1,1.0,21.5,6.0,1.0,3.0,11.0,1.0,2.5,1.0,1.0,3.0,1.0,1.0,80.0,918.0
1,0.0,20.1,0.125,1.0,3.0,2.0,1.0,1.0,2.0,1.0,1.0,1.0,1.0,240.0,768.0
1,2.0,20.5,2.42,1.0,3.0,7.0,1.0,2.0,1.0,1.0,11.0,2.0,1.0,200.0,3000.0
1,1.0,29.5,0.46,1.0,3.0,6.0,1.0,0.54,1.0,1.0,4.0,1.0,1.0,380.0,500.0
0,0.0,42.3,1.75,2.0,2.0,0.0,0.0,0.0,2.0,2.0,0.0,2.0,1.0,150.0,1.0
0,2.0,29.8,1.25,2.0,2.0,6.0,1.0,0.25,2.0,2.0,0.0,1.0,1.0,224.0,0.0
0,2.0,20.1,0.25,1.0,3.0,2.0,1.0,0.125,2.0,2.0,0.0,1.0,1.0,200.0,0.0
0,2.0,23.4,0.585,1.0,3.0,7.0,2.0,0.085,1.0,2.0,0.0,1.0,1.0,180.0,0.0
0,1.0,29.6,1.75,2.0,2.0,6.0,1.0,1.25,2.0,2.0,0.0,2.0,1.0,280.0,0.0
1,2.0,16.2,0.04,1.0,3.0,7.0,1.0,0.04,2.0,2.0,0.0,1.0,1.0,0.0,0.0
0,2.0,32.3,3.5,1.0,3.0,6.0,1.0,0.5,2.0,2.0,0.0,2.0,1.0,232.0,0.0
0,2.0,0.0,0.04,2.0,2.0,8.0,1.0,4.25,2.0,2.0,0.0,2.0,1.0,460.0,0.0
0,2.0,47.8,4.17,1.0,3.0,9.0,3.0,0.085,2.0,2.0,0.0,2.0,1.0,520.0,0.0
0,2.0,20.0,1.25,2.0,2.0,6.0,1.0,0.125,2.0,2.0,0.0,1.0,1.0,140.0,4.0
0,2.0,27.6,3.25,2.0,2.0,2.0,2.0,5.08,2.0,1.0,2.0,2.0,1.0,369.0,1.0
0,2.0,22.0,0.79,1.0,3.0,1.0,1.0,0.29,2.0,1.0,1.0,1.0,1.0,420.0,283.0
0,2.0,19.3,10.9,1.0,3.0,7.0,3.0,0.585,2.0,1.0,2.0,2.0,1.0,200.0,7.0
0,1.0,38.3,4.42,1.0,3.0,7.0,1.0,0.125,2.0,2.0,0.0,1.0,1.0,160.0,0.0
0,2.0,29.4,1.25,1.0,3.0,7.0,2.0,0.25,2.0,1.0,2.0,2.0,1.0,400.0,108.0
0,2.0,22.7,0.75,1.0,3.0,10.0,1.0,1.58,2.0,1.0,1.0,2.0,1.0,400.0,9.0
0,2.0,32.3,14.0,2.0,2.0,12.0,4.0,0.0,2.0,1.0,2.0,1.0,1.0,160.0,1.0
0,2.0,29.6,4.75,1.0,3.0,3.0,1.0,2.0,2.0,1.0,1.0,2.0,1.0,460.0,68.0
0,2.0,18.4,10.4,2.0,2.0,11.0,1.0,0.125,1.0,2.0,0.0,1.0,1.0,120.0,375.0
0,2.0,22.2,2.25,1.0,3.0,10.0,1.0,0.125,2.0,2.0,0.0,1.0,1.0,160.0,10.0
1,2.0,22.7,0.165,1.0,3.0,7.0,5.0,2.25,2.0,2.0,0.0,2.0,3.0,0.0,0.0
1,1.0,25.6,0.0,0.0,0.0,0.0,0.0,0.0,2.0,2.0,0.0,1.0,2.0,0.0,0.0
0,2.0,18.8,0.0,1.0,3.0,2.0,1.0,0.665,2.0,2.0,0.0,1.0,1.0,160.0,1.0
0,2.0,21.6,0.79,2.0,2.0,5.0,1.0,0.665,2.0,2.0,0.0,1.0,1.0,160.0,0.0
0,2.0,23.8,12.0,1.0,3.0,7.0,1.0,2.08,2.0,2.0,0.0,1.0,3.0,80.0,0.0
0,2.0,22.0,7.83,2.0,2.0,10.0,3.0,0.165,2.0,2.0,0.0,2.0,1.0,0.0,0.0
0,2.0,36.1,2.54,1.0,3.0,12.0,4.0,0.0,2.0,2.0,0.0,1.0,1.0,0.0,1000.0
0,2.0,29.3,13.0,1.0,3.0,8.0,2.0,0.5,2.0,2.0,0.0,1.0,1.0,228.0,0.0
0,1.0,19.6,0.665,1.0,3.0,1.0,1.0,1.67,2.0,2.0,0.0,1.0,1.0,220.0,5.0
0,1.0,22.9,1.25,1.0,3.0,2.0,1.0,0.25,2.0,2.0,0.0,2.0,1.0,120.0,809.0
0,1.0,27.3,0.29,1.0,3.0,3.0,2.0,0.125,2.0,1.0,1.0,2.0,1.0,272.0,108.0
0,1.0,38.8,1.5,1.0,3.0,12.0,4.0,0.0,2.0,2.0,0.0,1.0,1.0,76.0,0.0
0,2.0,32.4,2.17,2.0,2.0,6.0,4.0,0.0,2.0,2.0,0.0,1.0,1.0,120.0,0.0
0,1.0,23.8,0.71,1.0,3.0,1.0,1.0,0.25,2.0,1.0,1.0,2.0,1.0,240.0,4.0
0,2.0,18.2,2.46,1.0,3.0,7.0,8.0,0.96,2.0,1.0,2.0,2.0,1.0,160.0,587.0
0,2.0,40.9,0.5,2.0,2.0,3.0,1.0,0.5,2.0,2.0,0.0,2.0,1.0,130.0,0.0
0,2.0,19.5,9.59,1.0,3.0,11.0,1.0,0.79,2.0,2.0,0.0,1.0,1.0,80.0,350.0
0,2.0,28.6,3.63,1.0,3.0,11.0,1.0,0.25,2.0,2.0,0.0,2.0,1.0,100.0,0.0
0,2.0,35.6,0.75,1.0,3.0,6.0,1.0,1.5,2.0,2.0,0.0,2.0,1.0,231.0,0.0
0,2.0,34.2,2.75,1.0,3.0,10.0,3.0,2.5,2.0,2.0,0.0,2.0,1.0,232.0,200.0
0,0.0,33.2,2.25,2.0,2.0,5.0,1.0,3.5,2.0,2.0,0.0,2.0,1.0,200.0,141.0
0,2.0,31.6,0.75,2.0,2.0,11.0,1.0,3.5,2.0,2.0,0.0,2.0,1.0,320.0,0.0
0,1.0,52.5,7.0,1.0,3.0,11.0,2.0,3.0,2.0,2.0,0.0,1.0,1.0,0.0,0.0
0,2.0,36.2,0.42,2.0,2.0,1.0,1.0,0.29,2.0,2.0,0.0,2.0,1.0,309.0,2.0
0,2.0,37.3,2.67,1.0,3.0,5.0,1.0,0.165,2.0,2.0,0.0,2.0,1.0,0.0,501.0
0,1.0,20.8,8.5,1.0,3.0,7.0,1.0,0.165,2.0,2.0,0.0,1.0,1.0,0.0,351.0
0,2.0,24.1,9.0,1.0,3.0,11.0,1.0,0.25,2.0,2.0,0.0,2.0,1.0,0.0,0.0
0,2.0,25.6,0.335,1.0,3.0,6.0,2.0,3.5,2.0,2.0,0.0,2.0,1.0,340.0,0.0
0,1.0,35.2,3.75,1.0,3.0,12.0,4.0,0.0,2.0,1.0,6.0,1.0,1.0,0.0,200.0
0,2.0,48.1,3.75,1.0,3.0,10.0,3.0,1.0,2.0,2.0,0.0,1.0,1.0,100.0,2.0
0,1.0,15.8,7.63,1.0,3.0,2.0,1.0,0.125,2.0,1.0,1.0,2.0,1.0,0.0,160.0
0,1.0,22.5,0.415,1.0,3.0,10.0,1.0,0.335,2.0,2.0,0.0,2.0,3.0,144.0,0.0
0,2.0,21.5,11.5,1.0,3.0,10.0,1.0,0.5,1.0,2.0,0.0,2.0,1.0,100.0,68.0
0,1.0,23.6,0.83,1.0,3.0,2.0,1.0,0.415,2.0,1.0,1.0,2.0,1.0,200.0,11.0
0,1.0,21.1,5.0,2.0,2.0,12.0,4.0,0.0,2.0,2.0,0.0,1.0,1.0,0.0,0.0
0,2.0,25.7,3.25,1.0,3.0,7.0,2.0,2.29,2.0,1.0,1.0,2.0,1.0,416.0,21.0
0,1.0,38.9,1.67,1.0,3.0,11.0,1.0,0.25,2.0,2.0,0.0,1.0,1.0,0.0,390.0
0,1.0,15.8,0.375,1.0,3.0,7.0,1.0,1.0,2.0,2.0,0.0,1.0,1.0,120.0,18.0
0,1.0,28.6,3.75,1.0,3.0,7.0,1.0,0.25,2.0,1.0,1.0,2.0,1.0,40.0,154.0
0,2.0,22.3,9.0,1.0,3.0,11.0,1.0,0.085,2.0,2.0,0.0,1.0,1.0,0.0,0.0
0,2.0,29.8,3.5,1.0,3.0,7.0,1.0,0.165,2.0,2.0,0.0,1.0,1.0,216.0,0.0
0,1.0,23.5,1.5,1.0,3.0,1.0,1.0,0.875,2.0,2.0,0.0,2.0,1.0,160.0,0.0
0,2.0,32.1,4.0,2.0,2.0,5.0,1.0,1.5,2.0,2.0,0.0,2.0,1.0,120.0,0.0
0,2.0,31.1,1.5,2.0,2.0,1.0,1.0,0.04,2.0,2.0,0.0,1.0,3.0,160.0,0.0
0,2.0,31.8,0.04,2.0,2.0,3.0,1.0,0.04,2.0,2.0,0.0,1.0,1.0,0.0,0.0
0,1.0,21.8,11.8,1.0,3.0,7.0,1.0,0.25,2.0,2.0,0.0,2.0,1.0,180.0,0.0
0,1.0,17.9,0.54,1.0,3.0,7.0,1.0,1.75,2.0,1.0,1.0,2.0,1.0,80.0,5.0
0,2.0,30.3,0.5,1.0,3.0,8.0,2.0,0.085,2.0,2.0,0.0,2.0,3.0,252.0,0.0
0,2.0,51.8,2.04,2.0,2.0,12.0,4.0,1.5,2.0,2.0,0.0,1.0,1.0,120.0,1.0
0,2.0,47.2,5.83,1.0,3.0,1.0,1.0,5.5,2.0,2.0,0.0,1.0,1.0,465.0,150.0
0,2.0,25.8,12.8,1.0,3.0,5.0,1.0,0.5,2.0,2.0,0.0,1.0,1.0,0.0,2.0
0,1.0,50.3,0.835,1.0,3.0,11.0,1.0,0.5,2.0,2.0,0.0,2.0,1.0,240.0,117.0
0,0.0,29.5,2.0,2.0,2.0,13.0,2.0,2.0,2.0,2.0,0.0,1.0,1.0,256.0,17.0
0,1.0,37.3,2.5,1.0,3.0,10.0,2.0,0.21,2.0,2.0,0.0,1.0,1.0,260.0,246.0
0,1.0,41.6,1.04,1.0,3.0,11.0,1.0,0.665,2.0,2.0,0.0,1.0,1.0,240.0,237.0
0,1.0,30.6,10.7,1.0,3.0,2.0,2.0,0.085,2.0,1.0,12.0,2.0,1.0,129.0,3.0
0,2.0,19.4,7.25,1.0,3.0,3.0,1.0,0.04,2.0,1.0,1.0,1.0,1.0,100.0,1.0
0,1.0,17.9,10.2,1.0,3.0,12.0,4.0,0.0,2.0,2.0,0.0,1.0,1.0,0.0,50.0
0,1.0,20.1,1.25,1.0,3.0,7.0,1.0,0.0,2.0,2.0,0.0,1.0,1.0,0.0,0.0
0,2.0,19.5,0.29,1.0,3.0,6.0,1.0,0.29,2.0,2.0,0.0,1.0,1.0,280.0,364.0
0,2.0,27.8,1.0,2.0,2.0,8.0,2.0,3.0,2.0,2.0,0.0,1.0,1.0,176.0,537.0
0,2.0,17.1,3.29,1.0,3.0,10.0,1.0,0.335,2.0,2.0,0.0,2.0,1.0,140.0,2.0
0,2.0,36.4,0.75,2.0,2.0,8.0,1.0,0.585,2.0,2.0,0.0,1.0,1.0,240.0,3.0
0,2.0,40.6,3.29,1.0,3.0,3.0,1.0,3.5,2.0,2.0,0.0,2.0,3.0,400.0,0.0
0,2.0,21.1,10.1,2.0,2.0,13.0,2.0,1.25,2.0,2.0,0.0,1.0,1.0,260.0,0.0
0,1.0,22.7,0.75,1.0,3.0,7.0,1.0,2.0,2.0,1.0,2.0,2.0,1.0,200.0,394.0
0,1.0,25.3,13.5,2.0,2.0,12.0,4.0,2.0,2.0,1.0,1.0,2.0,1.0,200.0,1.0
0,2.0,17.9,0.205,1.0,3.0,11.0,1.0,0.04,2.0,2.0,0.0,1.0,1.0,280.0,750.0
0,2.0,35.0,3.38,1.0,3.0,7.0,2.0,8.29,2.0,2.0,0.0,2.0,1.0,0.0,0.0
